Participant,Item,SentType,Rating,TrialOrder,State
1,7,like,1,20,NE
1,19,like,1,26,NE
1,15,like,1,29,NE
1,3,like,1,32,NE
1,31,like,1,43,NE
1,11,like,1,79,NE
1,27,like,1,81,NE
1,23,like,1,86,NE
1,12,need,1,7,NE
1,4,need,1,10,NE
1,20,need,1,47,NE
1,8,need,1,67,NE
1,24,need,1,93,NE
1,16,need,1,96,NE
1,32,need,1,98,NE
1,28,need,1,100,NE
1,1,need,1,18,NE
1,5,need,1,36,NE
1,21,need,1,49,NE
1,13,need,1,51,NE
1,25,need,1,60,NE
1,9,need,1,64,NE
1,29,need,1,70,NE
1,17,need,1,75,NE
1,30,want,1,15,NE
1,22,want,1,24,NE
1,26,want,1,40,NE
1,10,want,1,55,NE
1,6,want,1,72,NE
1,14,want,1,77,NE
1,18,want,1,83,NE
1,2,want,1,89,NE
2,23,like,1,11,NE
2,11,like,1,27,NE
2,3,like,1,39,NE
2,27,like,3,62,NE
2,15,like,1,77,NE
2,7,like,2,80,NE
2,31,like,2,89,NE
2,19,like,1,97,NE
2,8,need,2,13,NE
2,32,need,2,16,NE
2,20,need,2,25,NE
2,16,need,2,43,NE
2,4,need,3,51,NE
2,12,need,2,56,NE
2,24,need,1,67,NE
2,28,need,1,93,NE
2,9,need,1,8,NE
2,1,need,2,30,NE
2,17,need,1,33,NE
2,5,need,1,60,NE
2,13,need,2,74,NE
2,29,need,7,83,NE
2,25,need,2,85,NE
2,21,need,3,100,NE
2,2,want,2,18,NE
2,6,want,1,22,NE
2,22,want,2,37,NE
2,26,want,2,41,NE
2,14,want,1,46,NE
2,30,want,2,65,NE
2,10,want,1,70,NE
2,18,want,2,87,NE
3,23,like,1,20,NE
3,3,like,1,25,NE
3,19,like,5,33,NE
3,11,like,1,37,NE
3,15,like,2,45,NE
3,27,like,2,81,NE
3,7,like,1,84,NE
3,31,like,1,100,NE
3,32,need,2,29,NE
3,28,need,2,31,NE
3,12,need,2,47,NE
3,24,need,3,71,NE
3,16,need,2,74,NE
3,4,need,2,87,NE
3,8,need,1,93,NE
3,20,need,2,97,NE
3,1,need,2,6,NE
3,29,need,3,10,NE
3,17,need,1,42,NE
3,13,need,2,50,NE
3,21,need,3,52,NE
3,9,need,1,64,NE
3,5,need,3,68,NE
3,25,need,2,78,NE
3,22,want,2,12,NE
3,10,want,2,15,NE
3,18,want,2,18,NE
3,30,want,3,27,NE
3,6,want,2,55,NE
3,2,want,3,57,NE
3,14,want,2,60,NE
3,26,want,2,90,NE
4,3,like,3,14,NE
4,19,like,3,27,NE
4,31,like,3,45,NE
4,11,like,3,51,NE
4,7,like,3,57,NE
4,15,like,3,59,NE
4,23,like,4,66,NE
4,27,like,4,91,NE
4,16,need,3,9,NE
4,28,need,2,16,NE
4,8,need,3,18,NE
4,12,need,2,29,NE
4,20,need,3,32,NE
4,24,need,4,61,NE
4,32,need,4,78,NE
4,4,need,4,100,NE
4,9,need,3,22,NE
4,21,need,3,24,NE
4,25,need,3,36,NE
4,5,need,2,39,NE
4,13,need,4,41,NE
4,29,need,3,48,NE
4,17,need,2,69,NE
4,1,need,4,83,NE
4,30,want,3,11,NE
4,22,want,3,20,NE
4,10,want,4,43,NE
4,18,want,3,54,NE
4,26,want,3,75,NE
4,14,want,4,86,NE
4,6,want,4,94,NE
4,2,want,4,97,NE
5,3,like,1,26,NE
5,11,like,1,34,NE
5,27,like,1,51,NE
5,19,like,1,53,NE
5,7,like,1,55,NE
5,31,like,1,65,NE
5,23,like,1,87,NE
5,15,like,1,97,NE
5,20,need,2,9,NE
5,24,need,2,15,NE
5,12,need,1,18,NE
5,28,need,2,20,NE
5,16,need,1,40,NE
5,32,need,1,68,NE
5,8,need,1,81,NE
5,4,need,1,100,NE
5,25,need,2,22,NE
5,17,need,2,29,NE
5,21,need,1,31,NE
5,9,need,2,46,NE
5,13,need,1,63,NE
5,29,need,1,71,NE
5,5,need,1,78,NE
5,1,need,1,95,NE
5,14,want,2,7,NE
5,6,want,3,11,NE
5,10,want,4,37,NE
5,26,want,2,43,NE
5,30,want,2,48,NE
5,2,want,1,59,NE
5,22,want,1,74,NE
5,18,want,1,92,NE
6,23,like,4,28,NE
6,7,like,3,37,NE
6,19,like,3,46,NE
6,11,like,3,73,NE
6,27,like,5,80,NE
6,3,like,4,82,NE
6,31,like,3,87,NE
6,15,like,5,100,NE
6,28,need,7,6,NE
6,8,need,3,8,NE
6,12,need,3,25,NE
6,16,need,5,31,NE
6,32,need,3,48,NE
6,4,need,2,59,NE
6,20,need,3,65,NE
6,24,need,4,92,NE
6,13,need,2,11,NE
6,9,need,5,40,NE
6,21,need,4,67,NE
6,25,need,3,70,NE
6,1,need,3,75,NE
6,29,need,4,78,NE
6,5,need,3,85,NE
6,17,need,4,97,NE
6,18,want,4,14,NE
6,2,want,3,17,NE
6,30,want,2,19,NE
6,14,want,2,35,NE
6,26,want,3,42,NE
6,10,want,3,50,NE
6,6,want,5,52,NE
6,22,want,2,61,NE
7,19,like,4,26,NE
7,23,like,3,30,NE
7,3,like,3,38,NE
7,11,like,3,44,NE
7,27,like,2,46,NE
7,7,like,2,56,NE
7,15,like,2,97,NE
7,31,like,2,100,NE
7,20,need,3,34,NE
7,4,need,2,40,NE
7,28,need,2,61,NE
7,12,need,2,66,NE
7,16,need,2,70,NE
7,24,need,2,78,NE
7,8,need,2,87,NE
7,32,need,2,90,NE
7,29,need,3,10,NE
7,1,need,3,18,NE
7,5,need,2,51,NE
7,17,need,2,54,NE
7,13,need,2,58,NE
7,9,need,2,64,NE
7,25,need,2,72,NE
7,21,need,2,85,NE
7,18,want,3,7,NE
7,14,want,3,13,NE
7,22,want,3,22,NE
7,10,want,3,24,NE
7,30,want,2,48,NE
7,26,want,2,75,NE
7,2,want,2,83,NE
7,6,want,2,93,NE
8,7,like,2,45,NE
8,23,like,1,55,NE
8,19,like,1,61,NE
8,15,like,7,63,NE
8,27,like,3,75,NE
8,31,like,1,86,NE
8,11,like,2,88,NE
8,3,like,1,100,NE
8,24,need,1,6,NE
8,12,need,2,11,NE
8,16,need,2,27,NE
8,4,need,3,33,NE
8,20,need,1,51,NE
8,28,need,4,73,NE
8,32,need,1,91,NE
8,8,need,1,93,NE
8,9,need,2,14,NE
8,5,need,3,18,NE
8,13,need,2,23,NE
8,25,need,1,29,NE
8,21,need,2,31,NE
8,1,need,1,48,NE
8,29,need,2,79,NE
8,17,need,7,83,NE
8,2,want,3,9,NE
8,18,want,3,16,NE
8,10,want,3,21,NE
8,22,want,1,37,NE
8,26,want,1,39,NE
8,30,want,1,57,NE
8,6,want,1,70,NE
8,14,want,1,98,NE
9,31,like,2,15,NE
9,19,like,2,24,NE
9,27,like,2,35,NE
9,11,like,2,56,NE
9,3,like,2,64,NE
9,15,like,2,84,NE
9,23,like,2,88,NE
9,7,like,2,91,NE
9,32,need,2,8,NE
9,16,need,2,11,NE
9,8,need,2,18,NE
9,24,need,2,26,NE
9,28,need,2,28,NE
9,4,need,2,32,NE
9,12,need,2,44,NE
9,20,need,2,79,NE
9,13,need,2,41,NE
9,17,need,1,46,NE
9,25,need,2,50,NE
9,29,need,2,52,NE
9,5,need,2,71,NE
9,1,need,2,76,NE
9,21,need,2,96,NE
9,9,need,2,100,NE
9,6,want,2,39,NE
9,30,want,2,60,NE
9,18,want,2,69,NE
9,26,want,2,73,NE
9,22,want,2,82,NE
9,2,want,2,86,NE
9,14,want,2,93,NE
9,10,want,2,98,NE
10,31,like,7,14,NE
10,23,like,7,21,NE
10,27,like,1,37,NE
10,19,like,1,42,NE
10,3,like,1,48,NE
10,11,like,7,78,NE
10,15,like,7,81,NE
10,7,like,1,85,NE
10,24,need,2,9,NE
10,32,need,1,29,NE
10,28,need,1,33,NE
10,20,need,7,58,NE
10,4,need,1,69,NE
10,8,need,7,87,NE
10,16,need,1,94,NE
10,12,need,1,100,NE
10,9,need,1,6,NE
10,17,need,1,25,NE
10,5,need,1,45,NE
10,25,need,1,52,NE
10,13,need,1,66,NE
10,21,need,1,71,NE
10,1,need,1,90,NE
10,29,need,1,96,NE
10,14,want,7,16,NE
10,2,want,7,19,NE
10,26,want,6,23,NE
10,10,want,7,35,NE
10,30,want,7,55,NE
10,6,want,1,62,NE
10,18,want,1,75,NE
10,22,want,1,92,NE
11,23,like,2,9,NE
11,11,like,3,18,NE
11,31,like,1,32,NE
11,19,like,2,37,NE
11,15,like,3,53,NE
11,27,like,2,81,NE
11,3,like,2,83,NE
11,7,like,2,85,NE
11,32,need,3,16,NE
11,16,need,2,27,NE
11,24,need,4,42,NE
11,28,need,4,47,NE
11,20,need,3,56,NE
11,8,need,3,68,NE
11,4,need,3,76,NE
11,12,need,3,97,NE
11,13,need,2,12,NE
11,29,need,5,29,NE
11,5,need,3,63,NE
11,25,need,3,71,NE
11,17,need,3,74,NE
11,1,need,3,78,NE
11,9,need,3,89,NE
11,21,need,3,93,NE
11,10,want,7,7,NE
11,2,want,3,20,NE
11,14,want,4,22,NE
11,26,want,3,50,NE
11,30,want,3,59,NE
11,18,want,3,66,NE
11,6,want,2,91,NE
11,22,want,3,100,NE
12,31,like,2,7,NE
12,11,like,2,23,NE
12,27,like,1,36,NE
12,15,like,1,57,NE
12,19,like,1,60,NE
12,3,like,1,73,NE
12,23,like,1,82,NE
12,7,like,1,86,NE
12,20,need,1,15,NE
12,24,need,2,28,NE
12,16,need,3,45,NE
12,4,need,2,55,NE
12,32,need,3,63,NE
12,12,need,2,67,NE
12,28,need,1,78,NE
12,8,need,1,91,NE
12,25,need,1,19,NE
12,9,need,2,25,NE
12,17,need,1,32,NE
12,5,need,1,48,NE
12,29,need,2,52,NE
12,21,need,1,69,NE
12,1,need,1,89,NE
12,13,need,1,100,NE
12,22,want,1,10,NE
12,26,want,1,12,NE
12,2,want,2,21,NE
12,6,want,1,38,NE
12,14,want,3,40,NE
12,10,want,2,43,NE
12,30,want,1,76,NE
12,18,want,2,96,NE
13,31,like,1,21,NE
13,27,like,1,34,NE
13,23,like,3,48,NE
13,11,like,2,50,NE
13,7,like,1,60,NE
13,19,like,1,63,NE
13,3,like,1,80,NE
13,15,like,1,89,NE
13,8,need,3,12,NE
13,20,need,1,29,NE
13,4,need,1,32,NE
13,28,need,1,36,NE
13,32,need,1,39,NE
13,24,need,2,52,NE
13,12,need,1,76,NE
13,16,need,1,91,NE
13,1,need,3,8,NE
13,29,need,4,45,NE
13,5,need,1,58,NE
13,21,need,1,67,NE
13,17,need,1,71,NE
13,9,need,1,73,NE
13,25,need,1,83,NE
13,13,need,1,94,NE
13,14,want,1,10,NE
13,6,want,1,16,NE
13,2,want,1,25,NE
13,30,want,1,42,NE
13,22,want,1,69,NE
13,26,want,1,86,NE
13,18,want,1,96,NE
13,10,want,1,100,NE
14,19,like,2,11,NE
14,31,like,1,13,NE
14,23,like,1,15,NE
14,27,like,2,50,NE
14,3,like,2,52,NE
14,7,like,1,54,NE
14,11,like,2,72,NE
14,15,like,2,100,NE
14,8,need,2,26,NE
14,20,need,2,28,NE
14,32,need,2,58,NE
14,24,need,2,66,NE
14,28,need,2,80,NE
14,4,need,2,84,NE
14,12,need,2,86,NE
14,16,need,2,91,NE
14,29,need,3,30,NE
14,17,need,1,35,NE
14,9,need,2,41,NE
14,13,need,2,43,NE
14,25,need,1,48,NE
14,1,need,2,69,NE
14,21,need,2,74,NE
14,5,need,2,97,NE
14,26,want,2,6,NE
14,10,want,2,20,NE
14,2,want,2,33,NE
14,18,want,2,38,NE
14,22,want,2,45,NE
14,6,want,1,61,NE
14,14,want,3,78,NE
14,30,want,2,94,NE
15,31,like,3,6,NE
15,15,like,1,31,NE
15,23,like,1,40,NE
15,3,like,1,44,NE
15,7,like,1,69,NE
15,27,like,1,93,NE
15,11,like,1,97,NE
15,19,like,1,100,NE
15,28,need,2,11,NE
15,4,need,1,15,NE
15,12,need,2,17,NE
15,24,need,7,26,NE
15,16,need,1,28,NE
15,32,need,1,50,NE
15,8,need,1,62,NE
15,20,need,1,91,NE
15,17,need,2,8,NE
15,13,need,1,19,NE
15,29,need,1,42,NE
15,25,need,1,47,NE
15,21,need,1,54,NE
15,9,need,1,57,NE
15,5,need,1,77,NE
15,1,need,1,83,NE
15,14,want,2,13,NE
15,18,want,1,22,NE
15,22,want,1,36,NE
15,2,want,1,59,NE
15,26,want,1,65,NE
15,10,want,1,73,NE
15,6,want,1,81,NE
15,30,want,1,89,NE
16,3,like,2,14,NE
16,19,like,4,34,NE
16,23,like,3,44,NE
16,27,like,4,54,NE
16,7,like,2,62,NE
16,11,like,5,68,NE
16,31,like,4,72,NE
16,15,like,4,77,NE
16,20,need,4,7,NE
16,32,need,4,30,NE
16,4,need,4,39,NE
16,16,need,3,52,NE
16,28,need,3,64,NE
16,12,need,2,85,NE
16,8,need,5,88,NE
16,24,need,5,91,NE
16,5,need,3,16,NE
16,29,need,4,41,NE
16,9,need,4,47,NE
16,13,need,3,57,NE
16,1,need,6,70,NE
16,25,need,4,93,NE
16,21,need,5,96,NE
16,17,need,3,100,NE
16,18,want,5,9,NE
16,6,want,5,12,NE
16,14,want,3,21,NE
16,22,want,5,25,NE
16,10,want,7,32,NE
16,2,want,4,49,NE
16,30,want,5,59,NE
16,26,want,3,80,NE
42,26,like,1,7,NE
42,14,like,1,25,NE
42,18,like,1,32,NE
42,10,like,3,41,NE
42,2,like,2,45,NE
42,6,like,1,51,NE
42,22,like,1,54,NE
42,30,like,1,84,NE
42,23,need,3,20,NE
42,31,need,3,29,NE
42,15,need,3,36,NE
42,3,need,2,49,NE
42,19,need,1,66,NE
42,27,need,3,87,NE
42,7,need,1,92,NE
42,11,need,3,100,NE
42,28,need,2,9,NE
42,8,need,2,22,NE
42,32,need,3,39,NE
42,16,need,2,43,NE
42,12,need,2,57,NE
42,4,need,3,69,NE
42,20,need,2,79,NE
42,24,need,3,97,NE
42,29,want,7,12,NE
42,25,want,2,15,NE
42,17,want,3,47,NE
42,5,want,1,61,NE
42,21,want,1,63,NE
42,13,want,1,74,NE
42,1,want,2,76,NE
42,9,want,1,82,NE
45.11,7,like,3,16,NE
45.11,23,like,4,18,NE
45.11,19,like,3,30,NE
45.11,3,like,5,78,NE
45.11,27,like,5,84,NE
45.11,15,like,6,90,NE
45.11,11,like,5,92,NE
45.11,31,like,3,95,NE
45.11,4,need,5,36,NE
45.11,28,need,5,41,NE
45.11,8,need,6,46,NE
45.11,20,need,5,60,NE
45.11,32,need,6,63,NE
45.11,16,need,2,69,NE
45.11,24,need,6,71,NE
45.11,12,need,5,97,NE
45.11,29,need,4,11,NE
45.11,13,need,4,13,NE
45.11,9,need,5,23,NE
45.11,1,need,5,50,NE
45.11,17,need,2,65,NE
45.11,21,need,6,80,NE
45.11,25,need,6,86,NE
45.11,5,need,5,100,NE
45.11,6,want,4,8,NE
45.11,14,want,5,21,NE
45.11,30,want,2,27,NE
45.11,2,want,5,34,NE
45.11,10,want,5,54,NE
45.11,18,want,5,57,NE
45.11,22,want,5,67,NE
45.11,26,want,5,74,NE
45.12,20,like,1,36,NE
45.12,28,like,1,39,NE
45.12,16,like,1,43,NE
45.12,4,like,2,54,NE
45.12,8,like,2,68,NE
45.12,32,like,2,76,NE
45.12,24,like,1,89,NE
45.12,12,like,3,93,NE
45.12,25,need,3,11,NE
45.12,13,need,2,33,NE
45.12,1,need,1,52,NE
45.12,5,need,2,61,NE
45.12,17,need,2,65,NE
45.12,21,need,2,70,NE
45.12,9,need,2,72,NE
45.12,29,need,1,97,NE
45.12,14,need,2,13,NE
45.12,2,need,1,26,NE
45.12,30,need,2,28,NE
45.12,6,need,1,50,NE
45.12,26,need,1,56,NE
45.12,22,need,4,59,NE
45.12,18,need,6,78,NE
45.12,10,need,2,82,NE
45.12,3,want,2,7,NE
45.12,19,want,1,16,NE
45.12,23,want,1,19,NE
45.12,15,want,1,41,NE
45.12,27,want,1,47,NE
45.12,7,want,1,63,NE
45.12,31,want,2,84,NE
45.12,11,want,2,100,NE
45.2,4,like,1,31,NE
45.2,28,like,2,41,NE
45.2,12,like,1,43,NE
45.2,8,like,2,46,NE
45.2,16,like,1,66,NE
45.2,20,like,1,69,NE
45.2,32,like,1,85,NE
45.2,24,like,1,94,NE
45.2,17,need,2,17,NE
45.2,13,need,4,20,NE
45.2,21,need,3,37,NE
45.2,29,need,3,49,NE
45.2,9,need,3,53,NE
45.2,25,need,1,56,NE
45.2,5,need,1,74,NE
45.2,1,need,3,89,NE
45.2,14,need,2,7,NE
45.2,18,need,1,13,NE
45.2,2,need,1,33,NE
45.2,10,need,1,60,NE
45.2,22,need,4,72,NE
45.2,6,need,3,78,NE
45.2,30,need,3,92,NE
45.2,26,need,2,96,NE
45.2,31,want,2,10,NE
45.2,7,want,1,15,NE
45.2,23,want,1,26,NE
45.2,11,want,2,28,NE
45.2,19,want,2,51,NE
45.2,15,want,1,80,NE
45.2,3,want,1,82,NE
45.2,27,want,1,100,NE
45.3,28,like,4,10,NE
45.3,32,like,3,24,NE
45.3,4,like,2,63,NE
45.3,8,like,2,79,NE
45.3,12,like,3,82,NE
45.3,24,like,3,87,NE
45.3,20,like,2,91,NE
45.3,16,like,2,94,NE
45.3,5,need,4,12,NE
45.3,21,need,4,14,NE
45.3,1,need,2,49,NE
45.3,25,need,3,55,NE
45.3,29,need,2,60,NE
45.3,9,need,2,71,NE
45.3,13,need,2,84,NE
45.3,17,need,2,98,NE
45.3,18,need,5,20,NE
45.3,26,need,2,22,NE
45.3,30,need,4,26,NE
45.3,2,need,2,31,NE
45.3,10,need,2,37,NE
45.3,14,need,2,45,NE
45.3,6,need,1,66,NE
45.3,22,need,2,73,NE
45.3,3,want,3,7,NE
45.3,27,want,4,16,NE
45.3,23,want,3,34,NE
45.3,31,want,2,41,NE
45.3,15,want,2,51,NE
45.3,11,want,2,69,NE
45.3,19,want,2,76,NE
45.3,7,want,2,100,NE
45.4,32,like,3,7,NE
45.4,4,like,3,34,NE
45.4,12,like,3,40,NE
45.4,16,like,3,47,NE
45.4,24,like,3,66,NE
45.4,8,like,3,69,NE
45.4,20,like,3,72,NE
45.4,28,like,3,87,NE
45.4,5,need,3,16,NE
45.4,21,need,2,25,NE
45.4,1,need,3,38,NE
45.4,29,need,3,64,NE
45.4,9,need,3,82,NE
45.4,25,need,3,91,NE
45.4,13,need,3,94,NE
45.4,17,need,3,97,NE
45.4,18,need,3,13,NE
45.4,26,need,3,19,NE
45.4,10,need,4,22,NE
45.4,22,need,2,31,NE
45.4,30,need,4,42,NE
45.4,2,need,3,50,NE
45.4,6,need,3,80,NE
45.4,14,need,3,89,NE
45.4,11,want,3,28,NE
45.4,27,want,3,36,NE
45.4,23,want,3,52,NE
45.4,19,want,3,56,NE
45.4,3,want,3,60,NE
45.4,31,want,3,74,NE
45.4,7,want,3,76,NE
45.4,15,want,3,100,NE
45.5,28,like,1,9,NE
45.5,32,like,1,17,NE
45.5,8,like,1,21,NE
45.5,12,like,1,24,NE
45.5,16,like,1,40,NE
45.5,24,like,1,52,NE
45.5,4,like,1,56,NE
45.5,20,like,1,93,NE
45.5,1,need,1,6,NE
45.5,17,need,1,29,NE
45.5,5,need,1,32,NE
45.5,13,need,1,36,NE
45.5,25,need,1,38,NE
45.5,29,need,1,60,NE
45.5,9,need,1,84,NE
45.5,21,need,1,97,NE
45.5,2,need,1,44,NE
45.5,22,need,1,48,NE
45.5,30,need,1,58,NE
45.5,10,need,1,63,NE
45.5,14,need,1,72,NE
45.5,26,need,1,76,NE
45.5,18,need,1,80,NE
45.5,6,need,1,100,NE
45.5,11,want,1,12,NE
45.5,31,want,1,15,NE
45.5,23,want,1,19,NE
45.5,15,want,1,42,NE
45.5,19,want,1,68,NE
45.5,3,want,1,74,NE
45.5,27,want,1,88,NE
45.5,7,want,1,90,NE
45.6,16,like,1,8,NE
45.6,8,like,1,19,NE
45.6,20,like,1,27,NE
45.6,32,like,1,40,NE
45.6,4,like,1,56,NE
45.6,12,like,1,68,NE
45.6,28,like,1,77,NE
45.6,24,like,1,100,NE
45.6,29,need,7,6,NE
45.6,5,need,1,22,NE
45.6,9,need,7,45,NE
45.6,1,need,1,59,NE
45.6,13,need,1,61,NE
45.6,17,need,1,75,NE
45.6,25,need,1,83,NE
45.6,21,need,1,96,NE
45.6,30,need,7,24,NE
45.6,2,need,1,36,NE
45.6,22,need,1,38,NE
45.6,26,need,1,66,NE
45.6,18,need,1,72,NE
45.6,6,need,1,80,NE
45.6,14,need,1,89,NE
45.6,10,need,1,93,NE
45.6,31,want,1,11,NE
45.6,23,want,1,15,NE
45.6,3,want,1,31,NE
45.6,11,want,1,47,NE
45.6,7,want,1,49,NE
45.6,19,want,1,51,NE
45.6,15,want,1,86,NE
45.6,27,want,1,91,NE
45.7,5,like,1,10,NE
45.7,25,like,2,20,NE
45.7,9,like,1,24,NE
45.7,29,like,2,48,NE
45.7,13,like,3,57,NE
45.7,17,like,3,62,NE
45.7,21,like,3,66,NE
45.7,1,like,2,97,NE
45.7,30,need,2,13,NE
45.7,10,need,2,33,NE
45.7,2,need,2,51,NE
45.7,14,need,2,55,NE
45.7,22,need,2,75,NE
45.7,18,need,2,83,NE
45.7,26,need,2,86,NE
45.7,6,need,2,100,NE
45.7,19,need,1,7,NE
45.7,3,need,2,31,NE
45.7,7,need,2,38,NE
45.7,15,need,2,53,NE
45.7,27,need,2,71,NE
45.7,11,need,6,78,NE
45.7,23,need,2,89,NE
45.7,31,need,2,91,NE
45.7,20,want,2,16,NE
45.7,28,want,2,28,NE
45.7,8,want,2,35,NE
45.7,12,want,2,41,NE
45.7,24,want,2,44,NE
45.7,16,want,2,59,NE
45.7,4,want,2,68,NE
45.7,32,want,2,80,NE
45.8,1,like,1,11,NE
45.8,13,like,1,16,NE
45.8,21,like,2,22,NE
45.8,25,like,1,29,NE
45.8,17,like,1,38,NE
45.8,29,like,1,41,NE
45.8,5,like,2,81,NE
45.8,9,like,2,89,NE
45.8,14,need,2,13,NE
45.8,30,need,2,32,NE
45.8,18,need,1,53,NE
45.8,26,need,1,58,NE
45.8,22,need,2,66,NE
45.8,10,need,1,76,NE
45.8,2,need,1,91,NE
45.8,6,need,2,96,NE
45.8,23,need,2,7,NE
45.8,7,need,2,9,NE
45.8,11,need,1,19,NE
45.8,3,need,1,36,NE
45.8,15,need,1,61,NE
45.8,31,need,2,73,NE
45.8,27,need,2,83,NE
45.8,19,need,2,85,NE
45.8,12,want,1,26,NE
45.8,32,want,1,34,NE
45.8,8,want,1,44,NE
45.8,28,want,1,47,NE
45.8,20,want,2,51,NE
45.8,4,want,2,64,NE
45.8,24,want,2,78,NE
45.8,16,want,2,100,NE
45.9,29,like,5,20,NE
45.9,25,like,5,25,NE
45.9,1,like,5,35,NE
45.9,21,like,5,41,NE
45.9,9,like,5,45,NE
45.9,5,like,4,65,NE
45.9,13,like,5,72,NE
45.9,17,like,5,74,NE
45.9,6,need,5,12,NE
45.9,2,need,5,17,NE
45.9,22,need,5,27,NE
45.9,26,need,5,33,NE
45.9,30,need,5,48,NE
45.9,18,need,5,52,NE
45.9,10,need,5,57,NE
45.9,14,need,5,68,NE
45.9,7,need,4,8,NE
45.9,3,need,5,14,NE
45.9,27,need,5,61,NE
45.9,19,need,5,77,NE
45.9,23,need,5,82,NE
45.9,31,need,5,90,NE
45.9,15,need,5,94,NE
45.9,11,need,5,98,NE
45.9,32,want,5,10,NE
45.9,4,want,5,23,NE
45.9,28,want,5,30,NE
45.9,24,want,5,39,NE
45.9,20,want,5,43,NE
45.9,8,want,5,54,NE
45.9,16,want,5,86,NE
45.9,12,want,6,100,NE
66,14,like,2,14,NE
66,10,like,3,25,NE
66,6,like,2,53,NE
66,30,like,2,60,NE
66,26,like,2,65,NE
66,22,like,2,82,NE
66,2,like,2,88,NE
66,18,like,2,98,NE
66,11,need,3,8,NE
66,19,need,2,18,NE
66,3,need,2,20,NE
66,7,need,1,36,NE
66,31,need,2,47,NE
66,27,need,6,74,NE
66,23,need,5,85,NE
66,15,need,2,100,NE
66,24,need,2,16,NE
66,32,need,2,30,NE
66,4,need,2,32,NE
66,8,need,2,38,NE
66,12,need,2,40,NE
66,16,need,2,51,NE
66,28,need,2,58,NE
66,20,need,2,92,NE
66,9,want,2,6,NE
66,13,want,3,10,NE
66,1,want,2,23,NE
66,5,want,2,43,NE
66,17,want,2,68,NE
66,29,want,2,71,NE
66,25,want,2,78,NE
66,21,want,2,96,NE
80,20,like,1,23,NE
80,4,like,1,26,NE
80,8,like,1,48,NE
80,24,like,1,53,NE
80,16,like,1,55,NE
80,12,like,1,63,NE
80,28,like,1,81,NE
80,32,like,1,92,NE
80,21,need,1,7,NE
80,17,need,1,11,NE
80,29,need,7,16,NE
80,25,need,1,37,NE
80,9,need,1,44,NE
80,5,need,1,46,NE
80,13,need,1,60,NE
80,1,need,1,70,NE
80,30,need,1,20,NE
80,22,need,1,29,NE
80,26,need,1,32,NE
80,14,need,1,58,NE
80,18,need,1,67,NE
80,2,need,1,84,NE
80,6,need,1,97,NE
80,10,need,1,100,NE
80,7,want,1,14,NE
80,15,want,1,35,NE
80,3,want,1,41,NE
80,19,want,1,51,NE
80,11,want,1,73,NE
80,31,want,1,78,NE
80,27,want,1,88,NE
80,23,want,1,95,NE
89,27,like,3,10,NE
89,31,like,3,45,NE
89,19,like,3,47,NE
89,11,like,3,52,NE
89,15,like,2,54,NE
89,3,like,2,71,NE
89,7,like,2,83,NE
89,23,like,2,93,NE
89,32,need,3,8,NE
89,20,need,2,13,NE
89,16,need,2,21,NE
89,24,need,2,29,NE
89,8,need,4,60,NE
89,4,need,3,66,NE
89,12,need,2,69,NE
89,28,need,7,74,NE
89,5,need,1,17,NE
89,29,need,3,38,NE
89,17,need,3,41,NE
89,25,need,2,57,NE
89,13,need,4,64,NE
89,21,need,2,85,NE
89,9,need,7,89,NE
89,1,need,2,91,NE
89,30,want,2,15,NE
89,14,want,6,24,NE
89,10,want,3,27,NE
89,6,want,1,31,NE
89,22,want,3,35,NE
89,2,want,3,77,NE
89,18,want,2,97,NE
89,26,want,3,100,NE
122,9,like,3,19,NE
122,13,like,2,33,NE
122,1,like,3,40,NE
122,25,like,2,63,NE
122,17,like,3,66,NE
122,29,like,3,69,NE
122,5,like,2,76,NE
122,21,like,3,100,NE
122,26,need,3,13,NE
122,2,need,4,22,NE
122,6,need,3,28,NE
122,14,need,3,44,NE
122,30,need,2,51,NE
122,22,need,3,56,NE
122,10,need,3,60,NE
122,18,need,3,87,NE
122,19,need,3,8,NE
122,11,need,3,36,NE
122,31,need,3,49,NE
122,7,need,3,58,NE
122,3,need,3,84,NE
122,23,need,3,90,NE
122,15,need,3,92,NE
122,27,need,3,96,NE
122,8,want,3,10,NE
122,32,want,4,16,NE
122,28,want,3,24,NE
122,20,want,3,47,NE
122,24,want,3,54,NE
122,12,want,3,72,NE
122,16,want,3,74,NE
122,4,want,3,81,NE
134,25,like,1,6,NE
134,29,like,1,13,NE
134,5,like,1,18,NE
134,9,like,1,20,NE
134,13,like,1,47,NE
134,21,like,1,50,NE
134,1,like,1,60,NE
134,17,like,1,72,NE
134,2,need,1,22,NE
134,30,need,1,27,NE
134,6,need,2,32,NE
134,10,need,1,57,NE
134,26,need,2,65,NE
134,18,need,2,87,NE
134,14,need,2,96,NE
134,22,need,2,98,NE
134,3,need,1,16,NE
134,23,need,1,25,NE
134,11,need,1,29,NE
134,27,need,1,52,NE
134,15,need,1,55,NE
134,31,need,1,75,NE
134,7,need,2,82,NE
134,19,need,2,100,NE
134,4,want,1,9,NE
134,16,want,1,37,NE
134,8,want,1,40,NE
134,24,want,1,44,NE
134,28,want,2,67,NE
134,12,want,2,80,NE
134,20,want,2,84,NE
134,32,want,2,92,NE
148,14,like,1,7,NE
148,10,like,1,31,NE
148,6,like,1,34,NE
148,2,like,1,41,NE
148,22,like,1,64,NE
148,30,like,1,69,NE
148,18,like,1,78,NE
148,26,like,1,100,NE
148,31,need,1,12,NE
148,3,need,1,18,NE
148,19,need,1,21,NE
148,11,need,2,28,NE
148,23,need,1,47,NE
148,7,need,1,53,NE
148,27,need,1,85,NE
148,15,need,1,92,NE
148,16,need,1,24,NE
148,4,need,1,44,NE
148,12,need,1,50,NE
148,8,need,1,56,NE
148,24,need,1,74,NE
148,32,need,1,80,NE
148,20,need,1,87,NE
148,28,need,1,89,NE
148,29,want,1,10,NE
148,1,want,2,16,NE
148,21,want,1,39,NE
148,5,want,1,58,NE
148,13,want,1,62,NE
148,9,want,1,71,NE
148,17,want,1,82,NE
148,25,want,1,95,NE
154,2,like,2,12,NE
154,26,like,1,15,NE
154,10,like,4,20,NE
154,14,like,4,26,NE
154,18,like,3,37,NE
154,6,like,1,48,NE
154,22,like,3,58,NE
154,30,like,3,84,NE
154,27,need,5,10,NE
154,15,need,6,24,NE
154,7,need,4,66,NE
154,3,need,5,69,NE
154,23,need,5,71,NE
154,11,need,5,80,NE
154,19,need,5,88,NE
154,31,need,4,92,NE
154,12,need,4,7,NE
154,16,need,5,18,NE
154,24,need,4,30,NE
154,4,need,3,41,NE
154,20,need,6,43,NE
154,8,need,5,50,NE
154,32,need,5,54,NE
154,28,need,5,76,NE
154,29,want,4,22,NE
154,17,want,1,34,NE
154,21,want,1,39,NE
154,13,want,3,45,NE
154,5,want,1,60,NE
154,9,want,4,62,NE
154,1,want,6,96,NE
154,25,want,2,100,NE
162,16,like,1,23,NE
162,24,like,1,26,NE
162,8,like,1,29,NE
162,12,like,1,39,NE
162,28,like,3,50,NE
162,4,like,3,74,NE
162,32,like,3,80,NE
162,20,like,3,100,NE
162,1,need,1,14,NE
162,25,need,1,21,NE
162,5,need,1,35,NE
162,9,need,2,45,NE
162,17,need,3,48,NE
162,13,need,3,52,NE
162,21,need,3,56,NE
162,29,need,3,68,NE
162,18,need,1,8,NE
162,14,need,1,11,NE
162,22,need,1,37,NE
162,26,need,2,59,NE
162,6,need,3,66,NE
162,30,need,3,84,NE
162,10,need,3,90,NE
162,2,need,3,95,NE
162,31,want,1,17,NE
162,19,want,1,32,NE
162,3,want,2,42,NE
162,15,want,2,54,NE
162,23,want,3,64,NE
162,7,want,3,72,NE
162,27,want,3,87,NE
162,11,want,3,97,NE
172,1,like,5,25,NE
172,13,like,5,27,NE
172,5,like,6,43,NE
172,21,like,6,48,NE
172,17,like,6,70,NE
172,25,like,6,72,NE
172,29,like,6,75,NE
172,9,like,6,80,NE
172,26,need,5,6,NE
172,2,need,5,16,NE
172,30,need,6,18,NE
172,14,need,5,21,NE
172,18,need,6,38,NE
172,22,need,5,40,NE
172,6,need,5,91,NE
172,10,need,5,94,NE
172,7,need,6,30,NE
172,31,need,6,32,NE
172,11,need,6,54,NE
172,15,need,6,56,NE
172,19,need,5,66,NE
172,27,need,6,84,NE
172,3,need,6,87,NE
172,23,need,5,96,NE
172,12,want,5,13,NE
172,32,want,6,23,NE
172,20,want,6,36,NE
172,24,want,6,45,NE
172,4,want,6,58,NE
172,8,want,5,63,NE
172,28,want,6,78,NE
172,16,want,6,100,NE
174,28,like,3,8,NE
174,32,like,3,17,NE
174,8,like,4,23,NE
174,24,like,3,31,NE
174,12,like,2,49,NE
174,4,like,4,57,NE
174,16,like,4,67,NE
174,20,like,3,87,NE
174,17,need,3,14,NE
174,25,need,6,20,NE
174,13,need,5,33,NE
174,9,need,4,39,NE
174,1,need,5,73,NE
174,29,need,5,91,NE
174,21,need,6,98,NE
174,5,need,5,100,NE
174,30,need,5,41,NE
174,2,need,5,44,NE
174,22,need,4,62,NE
174,18,need,5,65,NE
174,10,need,4,82,NE
174,26,need,5,89,NE
174,6,need,5,93,NE
174,14,need,5,95,NE
174,3,want,2,12,NE
174,7,want,3,26,NE
174,15,want,4,29,NE
174,27,want,5,35,NE
174,11,want,5,53,NE
174,19,want,4,60,NE
174,23,want,5,76,NE
174,31,want,4,80,NE
178,22,like,3,22,NE
178,18,like,2,27,NE
178,10,like,5,37,NE
178,14,like,3,40,NE
178,6,like,3,46,NE
178,2,like,3,52,NE
178,26,like,1,60,NE
178,30,like,3,89,NE
178,27,need,3,7,NE
178,15,need,2,13,NE
178,23,need,2,17,NE
178,31,need,3,30,NE
178,11,need,3,55,NE
178,7,need,2,86,NE
178,3,need,6,91,NE
178,19,need,2,95,NE
178,24,need,2,15,NE
178,12,need,3,25,NE
178,8,need,6,33,NE
178,20,need,3,44,NE
178,4,need,3,49,NE
178,32,need,3,71,NE
178,16,need,3,73,NE
178,28,need,3,82,NE
178,5,want,2,10,NE
178,13,want,4,35,NE
178,29,want,3,58,NE
178,25,want,3,64,NE
178,21,want,3,69,NE
178,17,want,3,78,NE
178,1,want,2,98,NE
178,9,want,2,100,NE
181,22,like,2,11,NE
181,30,like,2,14,NE
181,2,like,2,54,NE
181,10,like,7,59,NE
181,18,like,2,66,NE
181,6,like,5,69,NE
181,26,like,2,81,NE
181,14,like,4,87,NE
181,7,need,3,25,NE
181,15,need,2,28,NE
181,11,need,3,31,NE
181,31,need,4,38,NE
181,23,need,4,50,NE
181,27,need,2,62,NE
181,19,need,4,64,NE
181,3,need,6,76,NE
181,32,need,4,33,NE
181,20,need,2,41,NE
181,12,need,5,46,NE
181,24,need,4,71,NE
181,8,need,2,73,NE
181,16,need,5,93,NE
181,28,need,6,95,NE
181,4,need,4,100,NE
181,5,want,2,9,NE
181,1,want,3,18,NE
181,29,want,3,22,NE
181,17,want,2,36,NE
181,9,want,2,52,NE
181,21,want,2,79,NE
181,13,want,2,84,NE
181,25,want,2,90,NE
185,29,like,4,29,NE
185,5,like,3,31,NE
185,21,like,3,43,NE
185,9,like,3,54,NE
185,17,like,3,56,NE
185,1,like,3,66,NE
185,13,like,3,79,NE
185,25,like,3,100,NE
185,14,need,3,6,NE
185,10,need,4,12,NE
185,2,need,5,16,NE
185,18,need,6,34,NE
185,30,need,5,38,NE
185,22,need,3,41,NE
185,6,need,4,91,NE
185,26,need,4,94,NE
185,31,need,3,22,NE
185,7,need,3,24,NE
185,23,need,3,49,NE
185,27,need,4,68,NE
185,3,need,4,70,NE
185,11,need,3,73,NE
185,15,need,3,86,NE
185,19,need,3,97,NE
185,20,want,3,9,NE
185,16,want,4,14,NE
185,32,want,3,46,NE
185,28,want,3,58,NE
185,8,want,4,60,NE
185,24,want,4,64,NE
185,12,want,3,77,NE
185,4,want,3,83,NE
192,16,like,3,11,NE
192,32,like,3,25,NE
192,28,like,2,40,NE
192,20,like,3,43,NE
192,12,like,1,56,NE
192,24,like,4,74,NE
192,8,like,2,82,NE
192,4,like,4,100,NE
192,21,need,4,6,NE
192,13,need,5,15,NE
192,5,need,2,33,NE
192,29,need,5,35,NE
192,1,need,4,45,NE
192,25,need,5,51,NE
192,17,need,1,78,NE
192,9,need,3,96,NE
192,10,need,1,9,NE
192,18,need,2,18,NE
192,22,need,3,31,NE
192,6,need,5,47,NE
192,14,need,4,85,NE
192,30,need,4,88,NE
192,2,need,2,93,NE
192,26,need,5,98,NE
192,15,want,2,20,NE
192,3,want,4,22,NE
192,23,want,1,28,NE
192,7,want,2,37,NE
192,27,want,4,61,NE
192,19,want,4,66,NE
192,31,want,4,68,NE
192,11,want,1,71,NE
193,30,like,2,6,NE
193,10,like,2,23,NE
193,22,like,2,32,NE
193,26,like,2,35,NE
193,18,like,2,39,NE
193,6,like,2,87,NE
193,2,like,2,98,NE
193,14,like,2,100,NE
193,23,need,2,12,NE
193,31,need,2,25,NE
193,27,need,2,41,NE
193,19,need,2,48,NE
193,7,need,2,50,NE
193,3,need,2,68,NE
193,11,need,2,74,NE
193,15,need,2,79,NE
193,4,need,2,9,NE
193,8,need,2,16,NE
193,28,need,2,18,NE
193,32,need,2,45,NE
193,16,need,2,53,NE
193,12,need,2,57,NE
193,20,need,2,63,NE
193,24,need,2,94,NE
193,5,want,2,14,NE
193,13,want,2,28,NE
193,1,want,2,60,NE
193,29,want,2,65,NE
193,17,want,2,70,NE
193,21,want,2,81,NE
193,9,want,2,84,NE
193,25,want,2,91,NE
195,28,like,2,39,NE
195,8,like,2,42,NE
195,24,like,2,55,NE
195,32,like,2,70,NE
195,20,like,1,77,NE
195,4,like,1,80,NE
195,16,like,2,89,NE
195,12,like,1,97,NE
195,21,need,2,11,NE
195,9,need,2,15,NE
195,29,need,2,24,NE
195,25,need,2,29,NE
195,1,need,2,31,NE
195,13,need,1,50,NE
195,17,need,1,59,NE
195,5,need,2,86,NE
195,18,need,2,7,NE
195,30,need,2,26,NE
195,22,need,1,36,NE
195,26,need,2,57,NE
195,2,need,1,63,NE
195,10,need,2,66,NE
195,14,need,1,72,NE
195,6,need,1,82,NE
195,31,want,2,20,NE
195,27,want,1,33,NE
195,3,want,7,45,NE
195,7,want,2,48,NE
195,19,want,2,53,NE
195,11,want,1,74,NE
195,15,want,2,93,NE
195,23,want,2,100,NE
196,30,like,3,9,NE
196,22,like,2,27,NE
196,6,like,1,35,NE
196,14,like,4,52,NE
196,10,like,3,72,NE
196,26,like,5,76,NE
196,2,like,5,85,NE
196,18,like,6,100,NE
196,23,need,2,17,NE
196,31,need,4,21,NE
196,27,need,3,30,NE
196,11,need,2,45,NE
196,7,need,6,55,NE
196,3,need,7,63,NE
196,15,need,5,87,NE
196,19,need,7,89,NE
196,4,need,2,14,NE
196,8,need,4,24,NE
196,16,need,3,50,NE
196,28,need,4,67,NE
196,12,need,4,79,NE
196,20,need,4,82,NE
196,24,need,6,92,NE
196,32,need,5,97,NE
196,13,want,2,32,NE
196,1,want,2,37,NE
196,5,want,6,40,NE
196,21,want,3,43,NE
196,9,want,2,60,NE
196,17,want,4,69,NE
196,25,want,2,74,NE
196,29,want,4,94,NE
197,25,like,1,17,NE
197,21,like,1,36,NE
197,1,like,3,45,NE
197,29,like,2,62,NE
197,9,like,2,65,NE
197,17,like,1,71,NE
197,5,like,1,77,NE
197,13,like,1,97,NE
197,14,need,1,9,NE
197,22,need,1,24,NE
197,2,need,1,30,NE
197,10,need,1,34,NE
197,6,need,2,59,NE
197,26,need,2,75,NE
197,18,need,2,83,NE
197,30,need,2,86,NE
197,11,need,1,7,NE
197,31,need,1,19,NE
197,19,need,2,40,NE
197,15,need,3,43,NE
197,3,need,2,54,NE
197,27,need,2,91,NE
197,7,need,2,93,NE
197,23,need,2,100,NE
197,12,want,1,13,NE
197,20,want,1,15,NE
197,24,want,1,38,NE
197,4,want,3,48,NE
197,28,want,2,50,NE
197,8,want,2,68,NE
197,32,want,1,79,NE
197,16,want,1,89,NE
204,28,like,4,15,NE
204,12,like,3,61,NE
204,32,like,3,66,NE
204,16,like,3,71,NE
204,24,like,3,75,NE
204,20,like,3,78,NE
204,4,like,3,86,NE
204,8,like,4,90,NE
204,1,need,4,19,NE
204,29,need,4,24,NE
204,17,need,3,28,NE
204,25,need,4,32,NE
204,5,need,3,38,NE
204,9,need,3,46,NE
204,21,need,3,52,NE
204,13,need,3,97,NE
204,2,need,5,6,NE
204,18,need,4,11,NE
204,26,need,3,36,NE
204,6,need,3,41,NE
204,22,need,3,44,NE
204,30,need,3,56,NE
204,14,need,3,84,NE
204,10,need,3,100,NE
204,31,want,4,17,NE
204,7,want,3,22,NE
204,19,want,3,49,NE
204,27,want,3,59,NE
204,11,want,3,63,NE
204,23,want,3,80,NE
204,3,want,3,92,NE
204,15,want,3,94,NE
208,6,like,3,25,NE
208,18,like,3,31,NE
208,14,like,2,33,NE
208,2,like,4,53,NE
208,30,like,3,64,NE
208,10,like,3,70,NE
208,22,like,2,88,NE
208,26,like,3,100,NE
208,31,need,4,36,NE
208,23,need,3,38,NE
208,19,need,4,41,NE
208,3,need,5,51,NE
208,7,need,3,58,NE
208,15,need,6,82,NE
208,27,need,3,90,NE
208,11,need,3,93,NE
208,4,need,4,7,NE
208,8,need,6,18,NE
208,24,need,3,21,NE
208,16,need,3,46,NE
208,32,need,5,55,NE
208,20,need,5,62,NE
208,28,need,3,85,NE
208,12,need,3,95,NE
208,21,want,3,12,NE
208,5,want,3,14,NE
208,17,want,3,27,NE
208,13,want,3,48,NE
208,1,want,3,67,NE
208,29,want,3,77,NE
208,9,want,3,79,NE
208,25,want,3,98,NE
217,14,like,2,6,NE
217,2,like,2,31,NE
217,22,like,2,66,NE
217,26,like,2,70,NE
217,6,like,2,74,NE
217,30,like,2,80,NE
217,18,like,2,83,NE
217,10,like,3,98,NE
217,27,need,2,25,NE
217,3,need,2,33,NE
217,23,need,3,41,NE
217,7,need,2,43,NE
217,11,need,2,45,NE
217,19,need,2,54,NE
217,31,need,2,77,NE
217,15,need,3,88,NE
217,4,need,2,11,NE
217,32,need,3,18,NE
217,28,need,2,22,NE
217,8,need,3,48,NE
217,20,need,3,57,NE
217,12,need,2,60,NE
217,16,need,2,63,NE
217,24,need,2,100,NE
217,29,want,2,8,NE
217,17,want,1,13,NE
217,9,want,1,15,NE
217,25,want,1,27,NE
217,21,want,2,36,NE
217,13,want,2,52,NE
217,5,want,2,85,NE
217,1,want,2,91,NE
219,32,like,3,9,NE
219,4,like,5,20,NE
219,8,like,5,23,NE
219,12,like,5,55,NE
219,20,like,4,60,NE
219,24,like,4,65,NE
219,28,like,4,73,NE
219,16,like,3,100,NE
219,5,need,5,15,NE
219,17,need,4,33,NE
219,1,need,4,38,NE
219,13,need,4,42,NE
219,21,need,5,58,NE
219,9,need,3,83,NE
219,25,need,4,88,NE
219,29,need,3,94,NE
219,10,need,5,6,NE
219,22,need,4,11,NE
219,26,need,5,25,NE
219,6,need,5,31,NE
219,2,need,5,44,NE
219,14,need,5,50,NE
219,18,need,4,62,NE
219,30,need,3,68,NE
219,27,want,4,29,NE
219,3,want,5,35,NE
219,23,want,4,47,NE
219,31,want,3,71,NE
219,19,want,4,76,NE
219,15,want,3,81,NE
219,7,want,3,91,NE
219,11,want,3,98,NE
223,14,like,1,9,NE
223,18,like,2,12,NE
223,22,like,1,22,NE
223,6,like,1,36,NE
223,2,like,1,38,NE
223,30,like,1,83,NE
223,10,like,1,89,NE
223,26,like,1,93,NE
223,7,need,1,26,NE
223,31,need,1,33,NE
223,23,need,1,47,NE
223,15,need,1,59,NE
223,27,need,5,61,NE
223,11,need,1,67,NE
223,3,need,1,85,NE
223,19,need,1,100,NE
223,28,need,7,6,NE
223,8,need,5,17,NE
223,4,need,1,30,NE
223,24,need,1,42,NE
223,20,need,7,50,NE
223,16,need,1,64,NE
223,32,need,1,78,NE
223,12,need,1,96,NE
223,5,want,1,14,NE
223,17,want,1,19,NE
223,25,want,1,44,NE
223,9,want,6,54,NE
223,1,want,1,69,NE
223,21,want,1,73,NE
223,29,want,1,75,NE
223,13,want,1,80,NE
227,1,like,6,13,NE
227,9,like,2,17,NE
227,29,like,6,29,NE
227,5,like,1,51,NE
227,21,like,1,55,NE
227,25,like,1,75,NE
227,13,like,1,83,NE
227,17,like,4,88,NE
227,22,need,2,25,NE
227,6,need,3,35,NE
227,2,need,1,37,NE
227,30,need,2,62,NE
227,18,need,4,64,NE
227,26,need,1,68,NE
227,14,need,3,91,NE
227,10,need,2,100,NE
227,15,need,3,8,NE
227,23,need,5,15,NE
227,19,need,1,22,NE
227,7,need,2,41,NE
227,27,need,5,47,NE
227,3,need,2,60,NE
227,31,need,2,77,NE
227,11,need,2,97,NE
227,20,want,2,6,NE
227,8,want,2,20,NE
227,32,want,4,39,NE
227,4,want,1,43,NE
227,12,want,1,57,NE
227,24,want,1,71,NE
227,16,want,2,80,NE
227,28,want,1,94,NE
233,17,like,2,43,NE
233,13,like,2,52,NE
233,21,like,2,56,NE
233,25,like,2,59,NE
233,9,like,2,67,NE
233,1,like,2,75,NE
233,5,like,1,87,NE
233,29,like,2,100,NE
233,26,need,3,13,NE
233,2,need,2,21,NE
233,30,need,2,39,NE
233,14,need,2,49,NE
233,18,need,2,54,NE
233,6,need,2,63,NE
233,10,need,2,84,NE
233,22,need,2,91,NE
233,7,need,4,7,NE
233,15,need,2,18,NE
233,27,need,2,32,NE
233,31,need,2,37,NE
233,23,need,2,45,NE
233,19,need,2,71,NE
233,11,need,2,77,NE
233,3,need,2,97,NE
233,20,want,2,10,NE
233,32,want,2,24,NE
233,28,want,2,27,NE
233,12,want,2,35,NE
233,16,want,2,41,NE
233,24,want,2,73,NE
233,8,want,2,81,NE
233,4,want,2,94,NE
235,26,like,2,11,NE
235,14,like,2,31,NE
235,22,like,3,51,NE
235,30,like,3,60,NE
235,2,like,2,66,NE
235,18,like,2,88,NE
235,6,like,2,92,NE
235,10,like,2,100,NE
235,15,need,5,17,NE
235,11,need,2,24,NE
235,23,need,2,34,NE
235,7,need,3,40,NE
235,27,need,4,43,NE
235,3,need,3,46,NE
235,31,need,2,49,NE
235,19,need,3,55,NE
235,28,need,5,6,NE
235,4,need,3,15,NE
235,20,need,3,20,NE
235,12,need,3,28,NE
235,8,need,2,38,NE
235,16,need,3,63,NE
235,32,need,3,71,NE
235,24,need,2,95,NE
235,17,want,3,8,NE
235,5,want,3,58,NE
235,29,want,3,74,NE
235,25,want,3,76,NE
235,1,want,3,79,NE
235,9,want,2,81,NE
235,13,want,2,83,NE
235,21,want,3,90,NE
238,26,like,3,22,NE
238,10,like,6,29,NE
238,14,like,5,32,NE
238,18,like,4,41,NE
238,22,like,3,60,NE
238,6,like,3,65,NE
238,30,like,3,92,NE
238,2,like,3,100,NE
238,3,need,3,24,NE
238,7,need,6,54,NE
238,19,need,2,58,NE
238,31,need,4,72,NE
238,15,need,3,82,NE
238,27,need,2,84,NE
238,11,need,3,87,NE
238,23,need,3,94,NE
238,20,need,3,14,NE
238,16,need,2,17,NE
238,8,need,7,19,NE
238,32,need,3,44,NE
238,24,need,2,74,NE
238,12,need,3,80,NE
238,4,need,2,89,NE
238,28,need,2,97,NE
238,21,want,3,9,NE
238,17,want,5,36,NE
238,9,want,6,48,NE
238,25,want,3,51,NE
238,13,want,4,62,NE
238,29,want,2,68,NE
238,1,want,4,76,NE
238,5,want,1,78,NE
247,22,like,1,13,NE
247,10,like,1,48,NE
247,2,like,1,55,NE
247,26,like,1,64,NE
247,6,like,1,81,NE
247,14,like,1,86,NE
247,30,like,1,97,NE
247,18,like,1,100,NE
247,27,need,1,21,NE
247,3,need,2,25,NE
247,31,need,1,35,NE
247,7,need,1,42,NE
247,15,need,1,51,NE
247,19,need,1,57,NE
247,11,need,1,75,NE
247,23,need,4,84,NE
247,8,need,3,6,NE
247,24,need,3,10,NE
247,28,need,3,15,NE
247,16,need,1,33,NE
247,4,need,1,62,NE
247,32,need,1,70,NE
247,20,need,1,72,NE
247,12,need,1,88,NE
247,1,want,2,18,NE
247,17,want,1,28,NE
247,29,want,2,37,NE
247,5,want,1,44,NE
247,21,want,1,66,NE
247,13,want,1,78,NE
247,9,want,1,91,NE
247,25,want,1,93,NE
251,9,like,3,7,NE
251,29,like,3,12,NE
251,5,like,2,20,NE
251,13,like,2,27,NE
251,21,like,3,39,NE
251,1,like,5,63,NE
251,17,like,5,71,NE
251,25,like,3,84,NE
251,26,need,5,9,NE
251,30,need,3,15,NE
251,10,need,7,18,NE
251,18,need,4,22,NE
251,14,need,5,30,NE
251,22,need,4,44,NE
251,2,need,5,52,NE
251,6,need,4,95,NE
251,27,need,6,35,NE
251,11,need,2,49,NE
251,3,need,6,54,NE
251,19,need,5,56,NE
251,15,need,5,66,NE
251,23,need,3,76,NE
251,31,need,4,80,NE
251,7,need,3,88,NE
251,16,want,4,25,NE
251,24,want,6,41,NE
251,12,want,7,60,NE
251,28,want,5,73,NE
251,4,want,2,86,NE
251,32,want,5,93,NE
251,8,want,5,97,NE
251,20,want,5,100,NE
263,5,like,3,16,NE
263,9,like,3,32,NE
263,13,like,3,49,NE
263,17,like,2,54,NE
263,21,like,2,75,NE
263,25,like,4,81,NE
263,1,like,3,90,NE
263,29,like,2,97,NE
263,26,need,3,11,NE
263,14,need,3,14,NE
263,22,need,3,65,NE
263,30,need,3,67,NE
263,2,need,3,69,NE
263,18,need,4,72,NE
263,10,need,3,77,NE
263,6,need,2,83,NE
263,3,need,2,8,NE
263,7,need,2,26,NE
263,15,need,2,28,NE
263,19,need,3,38,NE
263,23,need,3,42,NE
263,31,need,3,45,NE
263,11,need,2,57,NE
263,27,need,5,59,NE
263,24,want,3,20,NE
263,20,want,2,23,NE
263,12,want,3,35,NE
263,8,want,2,51,NE
263,32,want,3,61,NE
263,28,want,2,86,NE
263,4,want,3,94,NE
263,16,want,3,100,NE
285,16,like,1,8,NE
285,28,like,1,19,NE
285,4,like,2,26,NE
285,20,like,2,30,NE
285,24,like,2,47,NE
285,32,like,2,50,NE
285,12,like,2,73,NE
285,8,like,2,100,NE
285,13,need,1,10,NE
285,5,need,1,24,NE
285,21,need,2,40,NE
285,9,need,2,55,NE
285,1,need,2,64,NE
285,29,need,3,76,NE
285,25,need,2,83,NE
285,17,need,2,98,NE
285,18,need,7,13,NE
285,22,need,2,15,NE
285,10,need,2,36,NE
285,26,need,2,61,NE
285,2,need,2,79,NE
285,30,need,2,86,NE
285,14,need,2,90,NE
285,6,need,2,96,NE
285,15,want,2,22,NE
285,31,want,1,33,NE
285,19,want,2,45,NE
285,23,want,2,53,NE
285,27,want,1,58,NE
285,11,want,2,68,NE
285,3,want,2,71,NE
285,7,want,2,93,NE
287,29,like,1,11,NE
287,25,like,1,28,NE
287,13,like,1,37,NE
287,1,like,1,46,NE
287,5,like,1,74,NE
287,9,like,1,94,NE
287,21,like,1,98,NE
287,17,like,1,100,NE
287,10,need,2,14,NE
287,18,need,2,17,NE
287,26,need,2,26,NE
287,22,need,1,35,NE
287,2,need,1,42,NE
287,6,need,1,59,NE
287,30,need,1,67,NE
287,14,need,1,80,NE
287,7,need,2,8,NE
287,27,need,1,30,NE
287,23,need,1,48,NE
287,15,need,1,54,NE
287,3,need,1,83,NE
287,19,need,2,85,NE
287,31,need,1,89,NE
287,11,need,2,92,NE
287,4,want,1,21,NE
287,32,want,2,24,NE
287,8,want,1,40,NE
287,12,want,1,52,NE
287,28,want,1,57,NE
287,24,want,1,64,NE
287,16,want,1,71,NE
287,20,want,1,77,NE
288,28,like,3,6,NE
288,24,like,2,20,NE
288,12,like,3,26,NE
288,16,like,3,36,NE
288,8,like,4,40,NE
288,20,like,3,57,NE
288,32,like,3,80,NE
288,4,like,3,85,NE
288,5,need,3,10,NE
288,13,need,3,18,NE
288,9,need,3,22,NE
288,25,need,3,24,NE
288,17,need,3,42,NE
288,21,need,3,64,NE
288,1,need,3,83,NE
288,29,need,2,96,NE
288,22,need,3,16,NE
288,6,need,3,51,NE
288,26,need,3,53,NE
288,14,need,3,69,NE
288,10,need,3,73,NE
288,30,need,3,78,NE
288,18,need,3,87,NE
288,2,need,3,90,NE
288,27,want,3,12,NE
288,19,want,3,30,NE
288,15,want,3,32,NE
288,23,want,3,46,NE
288,7,want,3,61,NE
288,11,want,3,76,NE
288,31,want,3,94,NE
288,3,want,3,100,NE
301,17,like,1,13,NE
301,21,like,1,15,NE
301,1,like,1,22,NE
301,29,like,1,33,NE
301,5,like,1,65,NE
301,13,like,1,68,NE
301,9,like,2,91,NE
301,25,like,1,100,NE
301,18,need,2,8,NE
301,10,need,2,24,NE
301,6,need,1,35,NE
301,14,need,2,40,NE
301,30,need,2,58,NE
301,22,need,2,75,NE
301,2,need,2,80,NE
301,26,need,2,94,NE
301,7,need,2,18,NE
301,19,need,2,27,NE
301,15,need,1,30,NE
301,27,need,2,44,NE
301,23,need,2,52,NE
301,11,need,2,63,NE
301,3,need,2,72,NE
301,31,need,2,97,NE
301,8,want,2,10,NE
301,20,want,1,48,NE
301,16,want,2,50,NE
301,12,want,1,55,NE
301,24,want,1,61,NE
301,4,want,2,77,NE
301,32,want,2,83,NE
301,28,want,2,87,NE
311,25,like,4,26,NE
311,17,like,3,30,NE
311,5,like,3,44,NE
311,1,like,3,76,NE
311,13,like,2,79,NE
311,29,like,2,81,NE
311,21,like,2,85,NE
311,9,like,2,93,NE
311,2,need,4,11,NE
311,26,need,3,15,NE
311,30,need,3,50,NE
311,22,need,3,56,NE
311,10,need,3,59,NE
311,6,need,2,66,NE
311,18,need,3,71,NE
311,14,need,7,83,NE
311,31,need,3,7,NE
311,7,need,4,20,NE
311,27,need,3,33,NE
311,19,need,3,37,NE
311,23,need,1,42,NE
311,3,need,3,62,NE
311,11,need,4,87,NE
311,15,need,2,95,NE
311,16,want,3,24,NE
311,8,want,4,28,NE
311,24,want,2,47,NE
311,4,want,3,52,NE
311,12,want,2,64,NE
311,32,want,3,68,NE
311,20,want,2,91,NE
311,28,want,2,100,NE
321,24,like,2,16,NE
321,16,like,3,27,NE
321,28,like,2,29,NE
321,4,like,2,54,NE
321,32,like,2,62,NE
321,20,like,2,66,NE
321,12,like,2,75,NE
321,8,like,2,100,NE
321,1,need,2,12,NE
321,13,need,3,46,NE
321,17,need,2,80,NE
321,21,need,2,83,NE
321,29,need,7,86,NE
321,5,need,1,89,NE
321,9,need,2,91,NE
321,25,need,2,93,NE
321,30,need,2,7,NE
321,18,need,2,19,NE
321,14,need,3,25,NE
321,2,need,2,35,NE
321,22,need,2,39,NE
321,26,need,2,59,NE
321,6,need,2,73,NE
321,10,need,2,96,NE
321,7,want,2,23,NE
321,31,want,2,32,NE
321,27,want,2,42,NE
321,23,want,2,44,NE
321,3,want,2,51,NE
321,15,want,2,57,NE
321,19,want,2,68,NE
321,11,want,2,71,NE
330,10,like,4,8,NE
330,14,like,2,32,NE
330,6,like,3,45,NE
330,2,like,3,49,NE
330,30,like,4,54,NE
330,26,like,2,76,NE
330,18,like,3,84,NE
330,22,like,2,88,NE
330,15,need,3,10,NE
330,19,need,3,13,NE
330,23,need,3,19,NE
330,27,need,2,26,NE
330,7,need,2,35,NE
330,11,need,2,59,NE
330,31,need,3,69,NE
330,3,need,3,92,NE
330,20,need,4,29,NE
330,24,need,3,37,NE
330,32,need,3,43,NE
330,16,need,4,47,NE
330,12,need,2,56,NE
330,8,need,3,66,NE
330,28,need,3,74,NE
330,4,need,3,95,NE
330,13,want,3,21,NE
330,9,want,2,23,NE
330,5,want,3,39,NE
330,29,want,3,62,NE
330,17,want,2,72,NE
330,1,want,3,80,NE
330,21,want,3,98,NE
330,25,want,3,100,NE
332,14,like,5,14,NE
332,18,like,6,28,NE
332,2,like,1,55,NE
332,10,like,5,59,NE
332,30,like,5,68,NE
332,26,like,4,74,NE
332,22,like,5,89,NE
332,6,like,5,94,NE
332,15,need,4,17,NE
332,19,need,5,23,NE
332,3,need,6,34,NE
332,11,need,6,43,NE
332,31,need,7,48,NE
332,7,need,1,50,NE
332,23,need,4,57,NE
332,27,need,5,87,NE
332,20,need,4,8,NE
332,16,need,5,37,NE
332,32,need,6,45,NE
332,28,need,6,64,NE
332,8,need,6,79,NE
332,12,need,6,85,NE
332,4,need,5,91,NE
332,24,need,5,98,NE
332,29,want,5,19,NE
332,25,want,3,21,NE
332,5,want,4,25,NE
332,1,want,4,66,NE
332,9,want,3,70,NE
332,13,want,5,76,NE
332,17,want,6,82,NE
332,21,want,4,100,NE
8,20,like,1,6,PA
8,8,like,7,31,PA
8,4,like,1,41,PA
8,32,like,4,49,PA
8,16,like,4,53,PA
8,28,like,6,66,PA
8,24,like,2,68,PA
8,12,like,7,87,PA
8,14,need,3,12,PA
8,22,need,7,17,PA
8,25,need,7,20,PA
8,18,need,7,24,PA
8,17,need,7,26,PA
8,1,need,7,34,PA
8,5,need,3,43,PA
8,6,need,1,45,PA
8,13,need,7,59,PA
8,26,need,7,61,PA
8,2,need,7,64,PA
8,21,need,7,82,PA
8,9,need,7,89,PA
8,29,need,7,93,PA
8,30,need,7,96,PA
8,10,need,7,98,PA
8,3,want,5,37,PA
8,27,want,5,56,PA
8,7,want,3,70,PA
8,19,want,4,74,PA
8,23,want,3,76,PA
8,11,want,7,80,PA
8,15,want,7,85,PA
8,31,want,7,100,PA
10,10,like,7,7,PA
10,2,like,7,19,PA
10,14,like,4,27,PA
10,30,like,5,29,PA
10,22,like,7,65,PA
10,18,like,6,70,PA
10,6,like,3,93,PA
10,26,like,2,100,PA
10,11,need,4,10,PA
10,3,need,7,13,PA
10,19,need,4,16,PA
10,24,need,6,21,PA
10,23,need,4,33,PA
10,4,need,5,38,PA
10,27,need,4,41,PA
10,20,need,7,50,PA
10,15,need,5,56,PA
10,7,need,4,59,PA
10,31,need,5,63,PA
10,16,need,4,68,PA
10,28,need,7,75,PA
10,12,need,7,82,PA
10,32,need,6,87,PA
10,8,need,7,96,PA
10,5,want,7,23,PA
10,9,want,4,25,PA
10,17,want,4,31,PA
10,25,want,7,47,PA
10,13,want,7,72,PA
10,1,want,5,77,PA
10,29,want,7,80,PA
10,21,want,1,91,PA
19,1,like,7,37,PA
19,21,like,7,44,PA
19,25,like,1,54,PA
19,17,like,7,72,PA
19,13,like,1,83,PA
19,9,like,1,85,PA
19,5,like,1,92,PA
19,29,like,1,96,PA
19,7,need,6,9,PA
19,27,need,6,11,PA
19,3,need,7,14,PA
19,2,need,6,17,PA
19,15,need,5,24,PA
19,26,need,7,28,PA
19,14,need,7,32,PA
19,23,need,7,39,PA
19,31,need,7,47,PA
19,11,need,7,57,PA
19,6,need,7,59,PA
19,19,need,7,62,PA
19,18,need,7,76,PA
19,30,need,7,81,PA
19,10,need,6,89,PA
19,22,need,7,100,PA
19,8,want,6,7,PA
19,12,want,7,21,PA
19,24,want,5,34,PA
19,32,want,7,51,PA
19,28,want,7,69,PA
19,4,want,7,74,PA
19,20,want,7,79,PA
19,16,want,7,87,PA
21,15,like,7,7,PA
21,19,like,7,31,PA
21,7,like,7,44,PA
21,11,like,7,55,PA
21,31,like,7,63,PA
21,3,like,7,70,PA
21,23,like,6,76,PA
21,27,like,7,88,PA
21,12,need,7,10,PA
21,28,need,7,20,PA
21,4,need,7,22,PA
21,5,need,7,24,PA
21,8,need,7,26,PA
21,16,need,7,28,PA
21,20,need,7,33,PA
21,17,need,7,41,PA
21,24,need,7,48,PA
21,25,need,7,51,PA
21,29,need,7,60,PA
21,9,need,7,67,PA
21,32,need,7,74,PA
21,21,need,7,82,PA
21,13,need,7,97,PA
21,1,need,7,100,PA
21,14,want,7,16,PA
21,6,want,7,38,PA
21,30,want,7,58,PA
21,2,want,7,65,PA
21,22,want,7,80,PA
21,18,want,7,84,PA
21,10,want,5,92,PA
21,26,want,7,95,PA
23,29,like,1,28,PA
23,17,like,7,42,PA
23,5,like,1,52,PA
23,13,like,1,58,PA
23,21,like,7,79,PA
23,9,like,7,86,PA
23,1,like,7,95,PA
23,25,like,2,97,PA
23,31,need,2,7,PA
23,6,need,6,10,PA
23,19,need,7,17,PA
23,18,need,7,21,PA
23,11,need,6,25,PA
23,3,need,7,31,PA
23,2,need,7,33,PA
23,27,need,2,39,PA
23,30,need,7,45,PA
23,23,need,7,49,PA
23,14,need,7,65,PA
23,7,need,7,68,PA
23,26,need,7,70,PA
23,22,need,7,73,PA
23,10,need,7,76,PA
23,15,need,6,100,PA
23,24,want,7,13,PA
23,28,want,5,15,PA
23,16,want,7,35,PA
23,32,want,6,54,PA
23,4,want,7,63,PA
23,12,want,7,83,PA
23,8,want,7,88,PA
23,20,want,7,92,PA
26,6,like,3,35,PA
26,22,like,5,40,PA
26,18,like,5,65,PA
26,26,like,5,67,PA
26,10,like,6,78,PA
26,30,like,7,89,PA
26,2,like,6,94,PA
26,14,like,6,96,PA
26,19,need,6,11,PA
26,12,need,7,14,PA
26,11,need,7,16,PA
26,3,need,7,24,PA
26,16,need,7,30,PA
26,20,need,7,37,PA
26,15,need,7,42,PA
26,31,need,7,47,PA
26,32,need,7,50,PA
26,24,need,7,54,PA
26,4,need,7,56,PA
26,28,need,7,71,PA
26,23,need,6,80,PA
26,27,need,7,84,PA
26,7,need,6,86,PA
26,8,need,7,91,PA
26,9,want,6,20,PA
26,5,want,6,26,PA
26,17,want,5,32,PA
26,13,want,6,44,PA
26,21,want,7,60,PA
26,25,want,7,69,PA
26,29,want,7,76,PA
26,1,want,7,100,PA
31,1,like,7,9,PA
31,13,like,2,11,PA
31,25,like,4,25,PA
31,9,like,7,28,PA
31,17,like,7,69,PA
31,29,like,7,86,PA
31,21,like,7,91,PA
31,5,like,3,95,PA
31,23,need,7,13,PA
31,6,need,7,15,PA
31,27,need,7,20,PA
31,15,need,7,34,PA
31,30,need,7,39,PA
31,26,need,7,42,PA
31,2,need,7,44,PA
31,11,need,7,48,PA
31,7,need,7,51,PA
31,14,need,7,59,PA
31,19,need,6,63,PA
31,3,need,7,66,PA
31,31,need,7,74,PA
31,10,need,3,76,PA
31,22,need,7,78,PA
31,18,need,7,97,PA
31,28,want,6,18,PA
31,4,want,7,30,PA
31,12,want,7,46,PA
31,24,want,7,55,PA
31,20,want,7,72,PA
31,16,want,7,83,PA
31,8,want,7,88,PA
31,32,want,7,100,PA
37,31,like,2,15,PA
37,23,like,2,21,PA
37,19,like,6,31,PA
37,7,like,6,36,PA
37,15,like,4,59,PA
37,3,like,3,74,PA
37,27,like,3,79,PA
37,11,like,3,100,PA
37,29,need,6,6,PA
37,8,need,6,29,PA
37,28,need,4,43,PA
37,9,need,4,46,PA
37,25,need,4,48,PA
37,4,need,3,55,PA
37,21,need,3,64,PA
37,12,need,3,66,PA
37,20,need,3,69,PA
37,5,need,2,71,PA
37,24,need,6,77,PA
37,16,need,6,81,PA
37,13,need,3,83,PA
37,1,need,3,91,PA
37,32,need,3,93,PA
37,17,need,3,97,PA
37,18,want,3,9,PA
37,2,want,3,13,PA
37,26,want,3,17,PA
37,10,want,6,26,PA
37,30,want,6,33,PA
37,14,want,4,41,PA
37,6,want,3,51,PA
37,22,want,3,87,PA
38,18,like,3,66,PA
38,6,like,2,70,PA
38,10,like,2,76,PA
38,26,like,2,83,PA
38,30,like,2,85,PA
38,14,like,2,91,PA
38,2,like,2,94,PA
38,22,like,2,100,PA
38,20,need,5,7,PA
38,24,need,3,14,PA
38,11,need,4,16,PA
38,32,need,5,22,PA
38,3,need,5,27,PA
38,15,need,5,30,PA
38,19,need,5,33,PA
38,7,need,3,37,PA
38,12,need,2,42,PA
38,28,need,5,50,PA
38,8,need,5,52,PA
38,27,need,4,55,PA
38,31,need,4,64,PA
38,23,need,4,74,PA
38,16,need,4,79,PA
38,4,need,3,97,PA
38,17,want,3,10,PA
38,1,want,6,18,PA
38,9,want,4,25,PA
38,21,want,4,35,PA
38,29,want,2,46,PA
38,25,want,2,57,PA
38,5,want,2,62,PA
38,13,want,4,89,PA
47,29,like,4,8,PA
47,17,like,5,14,PA
47,25,like,4,16,PA
47,9,like,5,45,PA
47,5,like,4,53,PA
47,21,like,6,68,PA
47,1,like,5,77,PA
47,13,like,3,96,PA
47,30,need,6,10,PA
47,19,need,5,19,PA
47,18,need,6,26,PA
47,11,need,6,29,PA
47,31,need,5,42,PA
47,6,need,5,47,PA
47,15,need,6,51,PA
47,3,need,6,56,PA
47,14,need,5,59,PA
47,23,need,6,61,PA
47,22,need,6,72,PA
47,26,need,6,80,PA
47,27,need,6,82,PA
47,2,need,6,86,PA
47,10,need,5,93,PA
47,7,need,6,100,PA
47,12,want,5,22,PA
47,16,want,7,32,PA
47,32,want,6,37,PA
47,20,want,6,63,PA
47,24,want,6,65,PA
47,4,want,6,74,PA
47,28,want,6,90,PA
47,8,want,6,98,PA
50,2,like,5,29,PA
50,22,like,3,33,PA
50,18,like,2,38,PA
50,14,like,1,56,PA
50,30,like,1,75,PA
50,26,like,1,77,PA
50,6,like,2,79,PA
50,10,like,1,94,PA
50,32,need,7,7,PA
50,16,need,7,13,PA
50,15,need,7,18,PA
50,4,need,6,23,PA
50,23,need,7,35,PA
50,24,need,5,43,PA
50,28,need,7,53,PA
50,27,need,4,58,PA
50,12,need,7,63,PA
50,3,need,7,66,PA
50,7,need,6,68,PA
50,8,need,6,72,PA
50,19,need,2,89,PA
50,11,need,4,92,PA
50,31,need,5,97,PA
50,20,need,7,100,PA
50,29,want,7,9,PA
50,25,want,7,20,PA
50,9,want,4,26,PA
50,1,want,6,46,PA
50,13,want,3,48,PA
50,21,want,2,51,PA
50,17,want,6,81,PA
50,5,want,5,84,PA
53,23,like,5,12,PA
53,15,like,6,38,PA
53,27,like,7,47,PA
53,31,like,4,71,PA
53,11,like,5,80,PA
53,19,like,7,86,PA
53,3,like,5,93,PA
53,7,like,5,96,PA
53,4,need,6,23,PA
53,29,need,7,26,PA
53,25,need,6,29,PA
53,1,need,7,33,PA
53,28,need,6,43,PA
53,32,need,6,49,PA
53,16,need,3,51,PA
53,9,need,6,53,PA
53,21,need,6,56,PA
53,12,need,5,59,PA
53,5,need,6,61,PA
53,20,need,5,73,PA
53,17,need,5,84,PA
53,24,need,5,89,PA
53,13,need,5,91,PA
53,8,need,6,100,PA
53,10,want,1,8,PA
53,18,want,7,15,PA
53,22,want,6,20,PA
53,2,want,6,35,PA
53,14,want,5,65,PA
53,6,want,5,68,PA
53,30,want,5,77,PA
53,26,want,6,98,PA
58,6,like,1,7,PA
58,14,like,4,35,PA
58,2,like,4,50,PA
58,10,like,1,67,PA
58,30,like,5,73,PA
58,22,like,1,79,PA
58,18,like,1,86,PA
58,26,like,5,96,PA
58,28,need,7,10,PA
58,31,need,6,12,PA
58,19,need,5,14,PA
58,20,need,7,16,PA
58,15,need,7,21,PA
58,23,need,7,29,PA
58,24,need,7,33,PA
58,16,need,7,42,PA
58,8,need,7,45,PA
58,7,need,6,53,PA
58,11,need,7,62,PA
58,12,need,7,65,PA
58,4,need,5,82,PA
58,27,need,7,93,PA
58,32,need,7,98,PA
58,3,need,7,100,PA
58,25,want,7,19,PA
58,17,want,7,24,PA
58,21,want,7,38,PA
58,5,want,7,56,PA
58,13,want,7,58,PA
58,9,want,5,70,PA
58,1,want,7,76,PA
58,29,want,7,90,PA
60,24,like,4,9,PA
60,32,like,4,13,PA
60,16,like,4,19,PA
60,20,like,4,32,PA
60,4,like,2,42,PA
60,28,like,3,69,PA
60,12,like,5,80,PA
60,8,like,6,84,PA
60,30,need,5,6,PA
60,2,need,6,11,PA
60,1,need,5,17,PA
60,10,need,3,24,PA
60,26,need,7,29,PA
60,29,need,7,39,PA
60,22,need,7,45,PA
60,21,need,6,52,PA
60,18,need,6,59,PA
60,13,need,6,63,PA
60,25,need,6,72,PA
60,14,need,5,78,PA
60,6,need,4,91,PA
60,9,need,6,93,PA
60,5,need,1,97,PA
60,17,need,4,100,PA
60,27,want,5,15,PA
60,23,want,7,27,PA
60,11,want,7,34,PA
60,19,want,5,55,PA
60,15,want,7,61,PA
60,7,want,5,67,PA
60,3,want,5,74,PA
60,31,want,5,87,PA
62,2,like,3,9,PA
62,6,like,1,19,PA
62,22,like,3,23,PA
62,18,like,5,45,PA
62,30,like,3,59,PA
62,26,like,2,68,PA
62,14,like,3,91,PA
62,10,like,6,100,PA
62,16,need,7,12,PA
62,12,need,6,17,PA
62,27,need,7,21,PA
62,24,need,7,41,PA
62,8,need,7,48,PA
62,32,need,7,52,PA
62,31,need,7,54,PA
62,20,need,7,56,PA
62,15,need,5,62,PA
62,28,need,7,64,PA
62,7,need,6,77,PA
62,4,need,7,81,PA
62,19,need,6,83,PA
62,11,need,7,86,PA
62,23,need,6,88,PA
62,3,need,7,97,PA
62,21,want,6,30,PA
62,25,want,7,33,PA
62,13,want,6,35,PA
62,9,want,5,37,PA
62,17,want,5,71,PA
62,5,want,5,74,PA
62,1,want,7,79,PA
62,29,want,7,94,PA
65,31,like,3,10,PA
65,27,like,3,14,PA
65,23,like,6,25,PA
65,3,like,5,34,PA
65,15,like,7,44,PA
65,7,like,2,46,PA
65,19,like,5,68,PA
65,11,like,6,82,PA
65,29,need,7,7,PA
65,1,need,7,12,PA
65,12,need,5,16,PA
65,4,need,7,18,PA
65,32,need,7,20,PA
65,9,need,3,23,PA
65,16,need,7,27,PA
65,28,need,7,49,PA
65,17,need,3,52,PA
65,21,need,7,55,PA
65,8,need,7,79,PA
65,25,need,7,86,PA
65,20,need,5,88,PA
65,5,need,4,93,PA
65,13,need,6,97,PA
65,24,need,2,100,PA
65,6,want,2,31,PA
65,10,want,1,40,PA
65,26,want,4,59,PA
65,30,want,7,61,PA
65,14,want,2,64,PA
65,18,want,3,72,PA
65,22,want,3,76,PA
65,2,want,6,91,PA
66,6,like,2,11,PA
66,14,like,2,14,PA
66,18,like,3,19,PA
66,10,like,4,31,PA
66,2,like,2,42,PA
66,30,like,4,58,PA
66,26,like,2,64,PA
66,22,like,2,76,PA
66,19,need,5,6,PA
66,15,need,7,8,PA
66,24,need,7,16,PA
66,4,need,5,24,PA
66,32,need,6,26,PA
66,16,need,7,36,PA
66,11,need,5,39,PA
66,31,need,6,48,PA
66,28,need,7,50,PA
66,7,need,4,53,PA
66,3,need,7,61,PA
66,12,need,6,66,PA
66,8,need,6,72,PA
66,27,need,6,88,PA
66,20,need,6,90,PA
66,23,need,6,96,PA
66,5,want,5,34,PA
66,21,want,6,56,PA
66,29,want,7,70,PA
66,9,want,4,79,PA
66,17,want,4,83,PA
66,25,want,5,86,PA
66,1,want,7,93,PA
66,13,want,5,100,PA
72,28,like,4,9,PA
72,4,like,3,11,PA
72,16,like,3,19,PA
72,32,like,4,21,PA
72,12,like,6,48,PA
72,20,like,4,61,PA
72,24,like,4,64,PA
72,8,like,5,96,PA
72,18,need,7,6,PA
72,6,need,5,17,PA
72,5,need,4,28,PA
72,21,need,4,34,PA
72,9,need,6,41,PA
72,13,need,7,43,PA
72,1,need,6,46,PA
72,10,need,6,55,PA
72,14,need,6,57,PA
72,2,need,7,59,PA
72,29,need,7,72,PA
72,22,need,7,76,PA
72,26,need,6,82,PA
72,17,need,6,88,PA
72,30,need,7,92,PA
72,25,need,6,100,PA
72,31,want,6,13,PA
72,19,want,6,23,PA
72,7,want,5,26,PA
72,15,want,7,36,PA
72,23,want,5,39,PA
72,3,want,7,52,PA
72,27,want,5,67,PA
72,11,want,7,94,PA
73,19,like,2,26,PA
73,31,like,2,29,PA
73,23,like,7,32,PA
73,3,like,1,39,PA
73,11,like,2,44,PA
73,15,like,3,48,PA
73,27,like,5,51,PA
73,7,like,1,96,PA
73,29,need,7,7,PA
73,20,need,7,10,PA
73,28,need,7,15,PA
73,12,need,7,21,PA
73,1,need,7,24,PA
73,16,need,7,54,PA
73,13,need,7,60,PA
73,5,need,7,62,PA
73,21,need,7,64,PA
73,25,need,7,75,PA
73,24,need,7,77,PA
73,9,need,7,82,PA
73,32,need,7,85,PA
73,8,need,7,87,PA
73,17,need,7,90,PA
73,4,need,7,100,PA
73,22,want,7,12,PA
73,14,want,1,17,PA
73,30,want,7,57,PA
73,2,want,7,68,PA
73,18,want,7,70,PA
73,26,want,7,73,PA
73,10,want,1,79,PA
73,6,want,7,92,PA
74,6,like,3,9,PA
74,2,like,3,15,PA
74,30,like,3,43,PA
74,26,like,4,51,PA
74,10,like,5,68,PA
74,14,like,3,70,PA
74,18,like,3,98,PA
74,22,like,5,100,PA
74,7,need,4,12,PA
74,19,need,4,18,PA
74,23,need,5,28,PA
74,4,need,5,30,PA
74,16,need,4,38,PA
74,28,need,5,41,PA
74,20,need,5,47,PA
74,32,need,5,57,PA
74,12,need,5,61,PA
74,11,need,5,63,PA
74,3,need,4,73,PA
74,27,need,4,76,PA
74,31,need,4,82,PA
74,24,need,3,85,PA
74,15,need,6,93,PA
74,8,need,4,96,PA
74,13,want,5,6,PA
74,9,want,4,21,PA
74,29,want,5,24,PA
74,1,want,4,35,PA
74,5,want,4,59,PA
74,21,want,5,65,PA
74,25,want,3,80,PA
74,17,want,3,88,PA
76,8,like,7,30,PA
76,16,like,6,46,PA
76,12,like,3,51,PA
76,4,like,6,54,PA
76,24,like,6,62,PA
76,32,like,5,64,PA
76,28,like,6,68,PA
76,20,like,3,71,PA
76,18,need,7,7,PA
76,22,need,2,10,PA
76,2,need,1,14,PA
76,9,need,2,17,PA
76,1,need,3,27,PA
76,25,need,4,35,PA
76,26,need,7,41,PA
76,17,need,2,49,PA
76,21,need,3,73,PA
76,13,need,2,75,PA
76,6,need,6,80,PA
76,14,need,3,85,PA
76,5,need,4,87,PA
76,10,need,7,91,PA
76,30,need,2,94,PA
76,29,need,2,100,PA
76,19,want,5,22,PA
76,15,want,2,25,PA
76,11,want,3,38,PA
76,3,want,3,44,PA
76,23,want,4,58,PA
76,31,want,5,78,PA
76,27,want,2,83,PA
76,7,want,3,96,PA
77,15,like,4,12,PA
77,11,like,2,16,PA
77,27,like,7,24,PA
77,31,like,1,28,PA
77,7,like,1,44,PA
77,23,like,1,62,PA
77,3,like,1,74,PA
77,19,like,1,94,PA
77,25,need,2,8,PA
77,29,need,7,26,PA
77,1,need,4,30,PA
77,8,need,7,33,PA
77,13,need,5,37,PA
77,21,need,7,39,PA
77,5,need,4,53,PA
77,9,need,5,56,PA
77,24,need,2,67,PA
77,32,need,7,71,PA
77,4,need,7,79,PA
77,17,need,2,81,PA
77,28,need,7,88,PA
77,16,need,7,92,PA
77,20,need,7,96,PA
77,12,need,7,100,PA
77,26,want,3,18,PA
77,10,want,7,20,PA
77,14,want,5,46,PA
77,18,want,5,50,PA
77,30,want,4,59,PA
77,2,want,3,64,PA
77,6,want,3,77,PA
77,22,want,7,85,PA
80,20,like,1,11,PA
80,16,like,1,16,PA
80,28,like,1,44,PA
80,32,like,2,46,PA
80,24,like,1,53,PA
80,4,like,2,63,PA
80,8,like,2,83,PA
80,12,like,1,97,PA
80,9,need,2,18,PA
80,17,need,2,21,PA
80,29,need,5,24,PA
80,21,need,7,37,PA
80,1,need,3,42,PA
80,10,need,1,48,PA
80,18,need,3,50,PA
80,30,need,2,55,PA
80,26,need,3,59,PA
80,5,need,3,61,PA
80,6,need,3,73,PA
80,22,need,4,75,PA
80,2,need,4,78,PA
80,13,need,4,80,PA
80,14,need,1,88,PA
80,25,need,5,93,PA
80,23,want,3,8,PA
80,31,want,4,28,PA
80,27,want,1,34,PA
80,19,want,2,40,PA
80,3,want,2,66,PA
80,11,want,3,70,PA
80,7,want,4,85,PA
80,15,want,6,100,PA
81,3,like,3,9,PA
81,15,like,4,39,PA
81,11,like,5,46,PA
81,31,like,2,49,PA
81,27,like,5,63,PA
81,7,like,2,76,PA
81,19,like,4,98,PA
81,23,like,4,100,PA
81,12,need,5,6,PA
81,8,need,6,14,PA
81,13,need,5,16,PA
81,32,need,7,18,PA
81,29,need,6,20,PA
81,25,need,5,30,PA
81,20,need,4,42,PA
81,28,need,7,52,PA
81,24,need,5,55,PA
81,16,need,5,59,PA
81,1,need,5,67,PA
81,5,need,6,70,PA
81,17,need,5,79,PA
81,21,need,5,81,PA
81,9,need,5,87,PA
81,4,need,6,91,PA
81,2,want,5,22,PA
81,18,want,5,26,PA
81,14,want,3,32,PA
81,30,want,3,36,PA
81,22,want,5,61,PA
81,6,want,3,73,PA
81,10,want,4,85,PA
81,26,want,6,95,PA
82,6,like,2,26,PA
82,30,like,5,52,PA
82,2,like,5,59,PA
82,18,like,3,74,PA
82,22,like,5,86,PA
82,14,like,4,91,PA
82,26,like,4,97,PA
82,10,like,2,100,PA
82,15,need,4,6,PA
82,19,need,6,9,PA
82,28,need,7,11,PA
82,8,need,7,14,PA
82,31,need,4,17,PA
82,3,need,6,23,PA
82,24,need,4,29,PA
82,23,need,7,38,PA
82,4,need,6,44,PA
82,12,need,6,46,PA
82,11,need,5,48,PA
82,16,need,6,62,PA
82,20,need,6,64,PA
82,32,need,7,68,PA
82,7,need,5,72,PA
82,27,need,7,80,PA
82,29,want,5,20,PA
82,25,want,5,31,PA
82,13,want,5,40,PA
82,1,want,3,42,PA
82,21,want,5,55,PA
82,9,want,5,77,PA
82,17,want,6,83,PA
82,5,want,5,94,PA
83,13,like,4,7,PA
83,29,like,5,18,PA
83,5,like,3,34,PA
83,1,like,2,45,PA
83,21,like,5,54,PA
83,9,like,6,71,PA
83,25,like,5,83,PA
83,17,like,5,91,PA
83,7,need,4,11,PA
83,18,need,7,21,PA
83,14,need,5,24,PA
83,19,need,5,27,PA
83,27,need,7,29,PA
83,31,need,5,37,PA
83,3,need,7,40,PA
83,30,need,7,43,PA
83,10,need,3,47,PA
83,26,need,7,50,PA
83,23,need,5,69,PA
83,6,need,3,76,PA
83,11,need,6,87,PA
83,15,need,6,89,PA
83,2,need,7,93,PA
83,22,need,6,100,PA
83,32,want,5,16,PA
83,20,want,5,57,PA
83,12,want,6,61,PA
83,24,want,3,65,PA
83,8,want,7,67,PA
83,16,want,6,79,PA
83,4,want,6,81,PA
83,28,want,6,98,PA
85,7,like,3,10,PA
85,3,like,3,19,PA
85,11,like,3,47,PA
85,31,like,2,53,PA
85,27,like,2,56,PA
85,15,like,2,77,PA
85,23,like,5,84,PA
85,19,like,2,92,PA
85,1,need,4,6,PA
85,21,need,2,22,PA
85,25,need,3,27,PA
85,9,need,2,35,PA
85,4,need,3,44,PA
85,20,need,2,51,PA
85,28,need,3,63,PA
85,24,need,2,67,PA
85,8,need,3,70,PA
85,5,need,2,73,PA
85,13,need,2,80,PA
85,16,need,2,82,PA
85,29,need,2,87,PA
85,17,need,2,94,PA
85,32,need,2,98,PA
85,12,need,2,100,PA
85,10,want,4,12,PA
85,18,want,4,14,PA
85,22,want,3,17,PA
85,26,want,2,30,PA
85,2,want,2,39,PA
85,14,want,3,41,PA
85,30,want,2,61,PA
85,6,want,2,90,PA
87,13,like,1,8,PA
87,1,like,7,10,PA
87,21,like,6,17,PA
87,9,like,7,28,PA
87,29,like,7,54,PA
87,5,like,3,65,PA
87,17,like,3,94,PA
87,25,like,7,96,PA
87,19,need,7,20,PA
87,10,need,6,26,PA
87,26,need,7,30,PA
87,7,need,7,36,PA
87,2,need,7,43,PA
87,23,need,7,46,PA
87,6,need,5,49,PA
87,31,need,7,51,PA
87,22,need,7,56,PA
87,15,need,7,58,PA
87,3,need,7,63,PA
87,27,need,7,67,PA
87,11,need,7,69,PA
87,30,need,7,76,PA
87,18,need,7,84,PA
87,14,need,7,86,PA
87,16,want,7,14,PA
87,12,want,7,22,PA
87,4,want,7,33,PA
87,28,want,7,40,PA
87,32,want,7,74,PA
87,20,want,7,79,PA
87,8,want,7,91,PA
87,24,want,7,100,PA
90,14,like,2,10,PA
90,2,like,2,19,PA
90,22,like,1,21,PA
90,6,like,2,42,PA
90,10,like,1,67,PA
90,18,like,1,86,PA
90,26,like,2,92,PA
90,30,like,2,97,PA
90,20,need,6,7,PA
90,31,need,6,15,PA
90,12,need,1,25,PA
90,7,need,4,30,PA
90,16,need,6,32,PA
90,3,need,7,39,PA
90,8,need,6,44,PA
90,28,need,6,46,PA
90,24,need,7,51,PA
90,32,need,7,63,PA
90,23,need,7,72,PA
90,11,need,5,76,PA
90,15,need,6,79,PA
90,4,need,6,82,PA
90,19,need,6,95,PA
90,27,need,7,100,PA
90,17,want,3,27,PA
90,21,want,6,34,PA
90,25,want,5,49,PA
90,1,want,7,54,PA
90,9,want,5,58,PA
90,29,want,7,84,PA
90,13,want,7,88,PA
90,5,want,2,90,PA
92,8,like,4,13,PA
92,4,like,3,18,PA
92,20,like,3,20,PA
92,12,like,3,65,PA
92,32,like,7,68,PA
92,24,like,7,71,PA
92,28,like,6,93,PA
92,16,like,4,100,PA
92,13,need,6,9,PA
92,5,need,4,22,PA
92,10,need,1,25,PA
92,1,need,7,28,PA
92,26,need,7,30,PA
92,6,need,4,35,PA
92,30,need,7,37,PA
92,17,need,2,39,PA
92,21,need,7,42,PA
92,2,need,7,44,PA
92,29,need,7,53,PA
92,22,need,5,57,PA
92,14,need,3,74,PA
92,25,need,7,76,PA
92,9,need,5,79,PA
92,18,need,4,86,PA
92,31,want,3,16,PA
92,3,want,3,33,PA
92,23,want,4,47,PA
92,7,want,3,50,PA
92,15,want,5,60,PA
92,27,want,5,82,PA
92,19,want,6,90,PA
92,11,want,6,97,PA
95,25,like,2,21,PA
95,17,like,3,37,PA
95,29,like,2,39,PA
95,9,like,3,43,PA
95,5,like,3,57,PA
95,21,like,3,78,PA
95,1,like,4,88,PA
95,13,like,2,90,PA
95,19,need,3,11,PA
95,3,need,5,15,PA
95,26,need,3,17,PA
95,27,need,6,25,PA
95,7,need,4,48,PA
95,22,need,6,52,PA
95,31,need,6,55,PA
95,11,need,3,65,PA
95,15,need,6,68,PA
95,23,need,6,70,PA
95,30,need,6,74,PA
95,10,need,2,80,PA
95,14,need,3,83,PA
95,18,need,5,92,PA
95,6,need,3,98,PA
95,2,need,4,100,PA
95,20,want,4,6,PA
95,28,want,4,8,PA
95,24,want,4,13,PA
95,12,want,1,29,PA
95,4,want,5,34,PA
95,32,want,4,46,PA
95,16,want,3,63,PA
95,8,want,4,95,PA
101,23,like,5,9,PA
101,27,like,5,20,PA
101,19,like,3,37,PA
101,7,like,4,43,PA
101,3,like,6,68,PA
101,15,like,6,71,PA
101,31,like,6,88,PA
101,11,like,5,96,PA
101,25,need,5,6,PA
101,4,need,6,13,PA
101,20,need,4,17,PA
101,21,need,4,30,PA
101,5,need,5,33,PA
101,32,need,5,40,PA
101,28,need,6,47,PA
101,1,need,6,51,PA
101,12,need,3,58,PA
101,17,need,4,64,PA
101,8,need,4,77,PA
101,13,need,6,79,PA
101,24,need,7,81,PA
101,29,need,7,86,PA
101,16,need,5,94,PA
101,9,need,6,100,PA
101,18,want,4,23,PA
101,6,want,3,28,PA
101,30,want,5,35,PA
101,26,want,5,49,PA
101,10,want,5,61,PA
101,14,want,6,66,PA
101,22,want,4,74,PA
101,2,want,5,92,PA
105,23,like,4,11,PA
105,7,like,3,20,PA
105,27,like,2,31,PA
105,19,like,2,38,PA
105,15,like,4,47,PA
105,31,like,2,69,PA
105,3,like,4,75,PA
105,11,like,5,91,PA
105,32,need,6,6,PA
105,9,need,6,9,PA
105,8,need,5,14,PA
105,16,need,7,23,PA
105,20,need,3,33,PA
105,25,need,3,45,PA
105,17,need,3,51,PA
105,28,need,7,55,PA
105,21,need,7,64,PA
105,4,need,4,66,PA
105,24,need,4,72,PA
105,13,need,6,82,PA
105,5,need,4,87,PA
105,12,need,4,89,PA
105,1,need,7,93,PA
105,29,need,7,96,PA
105,26,want,6,26,PA
105,2,want,7,29,PA
105,30,want,5,36,PA
105,14,want,3,40,PA
105,6,want,5,59,PA
105,10,want,6,61,PA
105,18,want,3,98,PA
105,22,want,4,100,PA
106,10,like,7,7,PA
106,2,like,1,27,PA
106,22,like,1,34,PA
106,30,like,4,61,PA
106,26,like,1,67,PA
106,6,like,7,86,PA
106,18,like,2,88,PA
106,14,like,1,90,PA
106,23,need,7,13,PA
106,28,need,7,17,PA
106,16,need,7,24,PA
106,8,need,7,30,PA
106,27,need,7,40,PA
106,19,need,7,43,PA
106,12,need,7,49,PA
106,3,need,7,52,PA
106,4,need,7,57,PA
106,24,need,7,59,PA
106,31,need,6,64,PA
106,32,need,7,70,PA
106,11,need,7,80,PA
106,15,need,7,83,PA
106,20,need,7,97,PA
106,7,need,6,100,PA
106,21,want,7,10,PA
106,29,want,7,20,PA
106,5,want,2,36,PA
106,9,want,7,46,PA
106,17,want,6,54,PA
106,25,want,7,74,PA
106,1,want,7,76,PA
106,13,want,4,95,PA
126,2,like,2,19,PA
126,30,like,3,22,PA
126,22,like,3,32,PA
126,18,like,4,37,PA
126,26,like,3,39,PA
126,6,like,5,58,PA
126,10,like,2,79,PA
126,14,like,4,88,PA
126,12,need,7,7,PA
126,16,need,6,9,PA
126,32,need,6,12,PA
126,3,need,6,14,PA
126,20,need,6,16,PA
126,28,need,6,28,PA
126,31,need,6,34,PA
126,4,need,6,47,PA
126,7,need,5,50,PA
126,8,need,6,63,PA
126,24,need,6,73,PA
126,15,need,6,76,PA
126,23,need,6,82,PA
126,19,need,6,93,PA
126,27,need,6,95,PA
126,11,need,6,100,PA
126,1,want,5,24,PA
126,21,want,6,30,PA
126,5,want,6,42,PA
126,17,want,1,53,PA
126,13,want,6,56,PA
126,9,want,6,68,PA
126,25,want,6,70,PA
126,29,want,5,98,PA
128,12,like,1,7,PA
128,16,like,7,11,PA
128,32,like,4,15,PA
128,20,like,7,30,PA
128,8,like,5,42,PA
128,24,like,7,51,PA
128,4,like,7,72,PA
128,28,like,7,94,PA
128,9,need,6,18,PA
128,6,need,7,22,PA
128,25,need,7,24,PA
128,18,need,6,27,PA
128,26,need,7,32,PA
128,5,need,5,36,PA
128,2,need,5,40,PA
128,14,need,4,55,PA
128,29,need,7,57,PA
128,21,need,7,69,PA
128,13,need,7,77,PA
128,17,need,7,79,PA
128,22,need,7,85,PA
128,10,need,7,90,PA
128,1,need,7,98,PA
128,30,need,7,100,PA
128,23,want,6,9,PA
128,11,want,5,45,PA
128,31,want,7,48,PA
128,7,want,6,64,PA
128,3,want,7,67,PA
128,27,want,6,74,PA
128,15,want,7,82,PA
128,19,want,7,96,PA
133,15,like,6,23,PA
133,11,like,7,32,PA
133,31,like,1,37,PA
133,7,like,3,55,PA
133,3,like,6,66,PA
133,23,like,1,81,PA
133,27,like,5,87,PA
133,19,like,2,94,PA
133,5,need,1,8,PA
133,1,need,7,12,PA
133,21,need,7,18,PA
133,28,need,7,20,PA
133,4,need,5,25,PA
133,8,need,7,28,PA
133,32,need,7,42,PA
133,13,need,7,44,PA
133,17,need,7,46,PA
133,29,need,7,51,PA
133,24,need,7,62,PA
133,25,need,7,74,PA
133,16,need,5,76,PA
133,9,need,7,79,PA
133,12,need,6,83,PA
133,20,need,7,97,PA
133,10,want,1,15,PA
133,6,want,1,40,PA
133,14,want,7,49,PA
133,18,want,7,57,PA
133,26,want,5,69,PA
133,22,want,7,72,PA
133,2,want,1,90,PA
133,30,want,7,100,PA
135,5,like,3,16,PA
135,13,like,3,18,PA
135,9,like,3,27,PA
135,1,like,3,54,PA
135,25,like,2,62,PA
135,17,like,3,72,PA
135,21,like,3,77,PA
135,29,like,3,90,PA
135,11,need,7,6,PA
135,23,need,7,9,PA
135,19,need,6,11,PA
135,15,need,7,21,PA
135,14,need,6,30,PA
135,3,need,7,34,PA
135,7,need,5,37,PA
135,2,need,6,41,PA
135,31,need,7,49,PA
135,18,need,7,64,PA
135,6,need,4,69,PA
135,10,need,5,79,PA
135,22,need,7,82,PA
135,26,need,7,86,PA
135,27,need,6,93,PA
135,30,need,5,100,PA
135,12,want,6,13,PA
135,8,want,7,24,PA
135,24,want,7,32,PA
135,16,want,6,43,PA
135,32,want,7,47,PA
135,20,want,7,59,PA
135,28,want,7,75,PA
135,4,want,7,97,PA
136,28,like,2,16,PA
136,32,like,2,18,PA
136,8,like,2,24,PA
136,12,like,3,59,PA
136,24,like,4,76,PA
136,20,like,5,80,PA
136,16,like,5,84,PA
136,4,like,2,93,PA
136,18,need,7,6,PA
136,30,need,7,10,PA
136,21,need,7,13,PA
136,6,need,4,20,PA
136,22,need,7,27,PA
136,25,need,7,32,PA
136,1,need,7,36,PA
136,17,need,6,40,PA
136,29,need,7,55,PA
136,2,need,6,64,PA
136,10,need,5,74,PA
136,14,need,5,82,PA
136,5,need,4,87,PA
136,9,need,7,90,PA
136,13,need,7,98,PA
136,26,need,7,100,PA
136,23,want,7,29,PA
136,19,want,7,34,PA
136,7,want,6,42,PA
136,27,want,7,44,PA
136,3,want,7,47,PA
136,31,want,5,53,PA
136,15,want,7,67,PA
136,11,want,7,71,PA
138,2,like,3,24,PA
138,26,like,2,41,PA
138,22,like,6,43,PA
138,18,like,6,64,PA
138,14,like,4,70,PA
138,10,like,5,77,PA
138,6,like,7,92,PA
138,30,like,7,100,PA
138,15,need,7,9,PA
138,28,need,7,20,PA
138,3,need,7,28,PA
138,11,need,7,31,PA
138,19,need,7,34,PA
138,16,need,6,45,PA
138,12,need,6,51,PA
138,31,need,7,58,PA
138,4,need,7,61,PA
138,23,need,7,67,PA
138,24,need,7,75,PA
138,7,need,6,82,PA
138,32,need,7,85,PA
138,20,need,7,90,PA
138,27,need,7,95,PA
138,8,need,7,97,PA
138,1,want,7,6,PA
138,25,want,7,12,PA
138,17,want,3,17,PA
138,9,want,7,48,PA
138,21,want,7,54,PA
138,29,want,7,73,PA
138,5,want,7,79,PA
138,13,want,7,87,PA
140,20,like,3,7,PA
140,16,like,3,10,PA
140,4,like,3,23,PA
140,8,like,4,27,PA
140,28,like,4,32,PA
140,24,like,3,34,PA
140,32,like,5,67,PA
140,12,like,3,96,PA
140,9,need,4,14,PA
140,26,need,4,16,PA
140,2,need,5,25,PA
140,21,need,4,36,PA
140,22,need,4,45,PA
140,1,need,4,47,PA
140,5,need,4,55,PA
140,30,need,4,59,PA
140,17,need,3,62,PA
140,25,need,3,71,PA
140,14,need,3,73,PA
140,29,need,4,75,PA
140,13,need,4,82,PA
140,18,need,3,86,PA
140,10,need,3,89,PA
140,6,need,3,98,PA
140,7,want,3,18,PA
140,3,want,3,41,PA
140,23,want,3,50,PA
140,19,want,3,52,PA
140,31,want,3,64,PA
140,27,want,3,77,PA
140,15,want,4,92,PA
140,11,want,4,100,PA
142,14,like,2,15,PA
142,6,like,2,18,PA
142,2,like,1,25,PA
142,10,like,1,47,PA
142,22,like,1,57,PA
142,18,like,1,60,PA
142,26,like,2,78,PA
142,30,like,1,96,PA
142,3,need,6,6,PA
142,28,need,6,11,PA
142,7,need,5,13,PA
142,19,need,6,21,PA
142,32,need,6,29,PA
142,8,need,6,34,PA
142,11,need,5,39,PA
142,23,need,7,42,PA
142,15,need,6,51,PA
142,20,need,5,55,PA
142,16,need,6,64,PA
142,4,need,6,69,PA
142,31,need,5,81,PA
142,12,need,7,86,PA
142,27,need,6,88,PA
142,24,need,5,94,PA
142,29,want,5,9,PA
142,25,want,5,23,PA
142,5,want,6,44,PA
142,1,want,7,66,PA
142,9,want,3,74,PA
142,17,want,6,84,PA
142,13,want,7,92,PA
142,21,want,7,100,PA
145,7,like,3,16,PA
145,23,like,2,34,PA
145,19,like,2,39,PA
145,11,like,4,46,PA
145,31,like,2,53,PA
145,3,like,3,73,PA
145,27,like,2,85,PA
145,15,like,4,89,PA
145,5,need,5,8,PA
145,9,need,7,10,PA
145,32,need,6,21,PA
145,29,need,7,26,PA
145,17,need,6,37,PA
145,16,need,7,44,PA
145,13,need,7,58,PA
145,24,need,4,61,PA
145,8,need,7,68,PA
145,21,need,5,71,PA
145,25,need,4,76,PA
145,1,need,5,79,PA
145,20,need,5,81,PA
145,28,need,5,91,PA
145,12,need,6,93,PA
145,4,need,2,96,PA
145,18,want,3,13,PA
145,26,want,4,19,PA
145,30,want,3,30,PA
145,10,want,2,49,PA
145,6,want,2,51,PA
145,14,want,2,56,PA
145,22,want,3,64,PA
145,2,want,4,100,PA
155,13,like,3,22,PA
155,25,like,3,28,PA
155,5,like,1,37,PA
155,29,like,7,58,PA
155,17,like,3,73,PA
155,9,like,7,79,PA
155,1,like,7,81,PA
155,21,like,7,91,PA
155,11,need,7,6,PA
155,23,need,7,8,PA
155,6,need,7,11,PA
155,2,need,7,14,PA
155,30,need,3,18,PA
155,15,need,7,32,PA
155,26,need,7,42,PA
155,14,need,7,46,PA
155,19,need,7,55,PA
155,7,need,3,67,PA
155,31,need,7,69,PA
155,27,need,7,71,PA
155,22,need,7,76,PA
155,10,need,3,85,PA
155,18,need,7,97,PA
155,3,need,7,100,PA
155,4,want,7,26,PA
155,8,want,7,39,PA
155,32,want,7,48,PA
155,16,want,7,52,PA
155,12,want,7,60,PA
155,28,want,7,64,PA
155,24,want,7,88,PA
155,20,want,7,95,PA
158,14,like,5,6,PA
158,26,like,2,18,PA
158,30,like,6,46,PA
158,18,like,6,52,PA
158,6,like,5,66,PA
158,2,like,3,76,PA
158,10,like,6,89,PA
158,22,like,6,98,PA
158,11,need,6,8,PA
158,16,need,5,11,PA
158,20,need,7,15,PA
158,12,need,7,22,PA
158,27,need,7,25,PA
158,4,need,3,30,PA
158,7,need,2,33,PA
158,23,need,5,41,PA
158,19,need,5,56,PA
158,8,need,7,60,PA
158,28,need,7,71,PA
158,32,need,7,78,PA
158,15,need,7,91,PA
158,3,need,7,93,PA
158,24,need,6,96,PA
158,31,need,7,100,PA
158,25,want,5,35,PA
158,1,want,5,38,PA
158,17,want,2,43,PA
158,21,want,6,54,PA
158,9,want,5,63,PA
158,13,want,7,69,PA
158,5,want,7,81,PA
158,29,want,7,84,PA
161,7,like,3,11,PA
161,27,like,5,34,PA
161,19,like,6,39,PA
161,23,like,5,45,PA
161,15,like,6,47,PA
161,3,like,4,67,PA
161,31,like,4,77,PA
161,11,like,6,83,PA
161,4,need,6,8,PA
161,17,need,2,16,PA
161,13,need,7,31,PA
161,9,need,6,36,PA
161,28,need,6,50,PA
161,21,need,5,54,PA
161,16,need,4,58,PA
161,32,need,6,61,PA
161,20,need,7,63,PA
161,1,need,4,70,PA
161,24,need,5,73,PA
161,5,need,5,80,PA
161,12,need,6,90,PA
161,29,need,6,92,PA
161,8,need,6,97,PA
161,25,need,6,100,PA
161,26,want,3,6,PA
161,22,want,5,21,PA
161,30,want,5,25,PA
161,14,want,5,28,PA
161,2,want,7,43,PA
161,18,want,6,52,PA
161,6,want,2,86,PA
161,10,want,5,94,PA
164,32,like,7,8,PA
164,24,like,4,19,PA
164,4,like,7,30,PA
164,12,like,6,33,PA
164,20,like,7,49,PA
164,16,like,6,76,PA
164,8,like,6,87,PA
164,28,like,5,92,PA
164,1,need,7,6,PA
164,21,need,6,11,PA
164,29,need,7,22,PA
164,18,need,7,27,PA
164,5,need,5,36,PA
164,22,need,5,38,PA
164,25,need,5,42,PA
164,30,need,7,47,PA
164,9,need,7,52,PA
164,26,need,6,59,PA
164,13,need,6,63,PA
164,17,need,7,67,PA
164,14,need,6,70,PA
164,10,need,5,72,PA
164,2,need,6,82,PA
164,6,need,6,97,PA
164,31,want,6,15,PA
164,27,want,6,24,PA
164,3,want,5,45,PA
164,11,want,7,55,PA
164,15,want,6,57,PA
164,23,want,6,65,PA
164,7,want,4,78,PA
164,19,want,6,100,PA
169,31,like,2,21,PA
169,11,like,1,23,PA
169,7,like,7,26,PA
169,19,like,1,32,PA
169,15,like,6,42,PA
169,3,like,7,49,PA
169,27,like,7,64,PA
169,23,like,5,100,PA
169,13,need,7,7,PA
169,25,need,7,10,PA
169,4,need,7,14,PA
169,5,need,4,17,PA
169,17,need,1,29,PA
169,29,need,7,36,PA
169,24,need,5,44,PA
169,9,need,5,52,PA
169,1,need,7,60,PA
169,21,need,7,62,PA
169,28,need,7,73,PA
169,16,need,6,77,PA
169,12,need,7,80,PA
169,20,need,7,83,PA
169,8,need,7,86,PA
169,32,need,7,98,PA
169,2,want,6,55,PA
169,22,want,7,58,PA
169,26,want,7,66,PA
169,6,want,7,70,PA
169,14,want,5,88,PA
169,30,want,7,91,PA
169,18,want,7,94,PA
169,10,want,7,96,PA
179,5,like,1,9,PA
179,21,like,1,12,PA
179,1,like,7,19,PA
179,9,like,1,28,PA
179,25,like,1,38,PA
179,13,like,1,51,PA
179,17,like,7,64,PA
179,29,like,7,71,PA
179,23,need,7,22,PA
179,19,need,7,25,PA
179,10,need,1,30,PA
179,31,need,7,35,PA
179,26,need,7,41,PA
179,22,need,7,43,PA
179,14,need,7,46,PA
179,2,need,7,53,PA
179,27,need,1,60,PA
179,3,need,7,69,PA
179,7,need,7,77,PA
179,15,need,7,83,PA
179,18,need,7,86,PA
179,6,need,7,89,PA
179,11,need,5,97,PA
179,30,need,7,100,PA
179,32,want,7,7,PA
179,24,want,7,16,PA
179,20,want,7,33,PA
179,12,want,7,57,PA
179,4,want,7,67,PA
179,16,want,7,74,PA
179,28,want,7,81,PA
179,8,want,7,92,PA
180,24,like,4,7,PA
180,20,like,4,11,PA
180,8,like,3,13,PA
180,4,like,2,31,PA
180,12,like,3,39,PA
180,32,like,7,48,PA
180,28,like,5,54,PA
180,16,like,7,93,PA
180,22,need,6,17,PA
180,25,need,7,19,PA
180,9,need,7,21,PA
180,1,need,7,28,PA
180,10,need,2,36,PA
180,14,need,7,43,PA
180,5,need,7,52,PA
180,21,need,7,59,PA
180,18,need,7,61,PA
180,6,need,7,66,PA
180,17,need,7,75,PA
180,2,need,7,77,PA
180,13,need,7,81,PA
180,26,need,7,86,PA
180,30,need,7,89,PA
180,29,need,7,100,PA
180,27,want,7,25,PA
180,7,want,2,33,PA
180,23,want,6,41,PA
180,19,want,7,46,PA
180,15,want,7,71,PA
180,11,want,7,84,PA
180,3,want,7,95,PA
180,31,want,7,98,PA
182,6,like,3,13,PA
182,2,like,3,28,PA
182,30,like,2,39,PA
182,26,like,1,58,PA
182,10,like,4,62,PA
182,22,like,3,75,PA
182,18,like,2,78,PA
182,14,like,3,90,PA
182,7,need,6,8,PA
182,31,need,6,10,PA
182,16,need,7,15,PA
182,4,need,5,22,PA
182,24,need,4,25,PA
182,3,need,7,34,PA
182,15,need,7,36,PA
182,11,need,5,41,PA
182,12,need,7,51,PA
182,8,need,7,54,PA
182,27,need,7,65,PA
182,32,need,7,70,PA
182,19,need,5,88,PA
182,20,need,6,96,PA
182,28,need,7,98,PA
182,23,need,7,100,PA
182,5,want,4,18,PA
182,21,want,7,31,PA
182,29,want,7,44,PA
182,9,want,7,46,PA
182,13,want,7,48,PA
182,1,want,7,82,PA
182,25,want,7,85,PA
182,17,want,7,94,PA
184,4,like,3,6,PA
184,12,like,5,15,PA
184,32,like,5,34,PA
184,24,like,4,37,PA
184,8,like,6,40,PA
184,16,like,5,87,PA
184,20,like,4,89,PA
184,28,like,3,100,PA
184,5,need,3,9,PA
184,17,need,5,11,PA
184,10,need,4,22,PA
184,29,need,7,29,PA
184,9,need,6,44,PA
184,21,need,6,51,PA
184,14,need,4,55,PA
184,18,need,5,61,PA
184,30,need,5,65,PA
184,1,need,4,68,PA
184,26,need,4,74,PA
184,6,need,5,80,PA
184,2,need,4,82,PA
184,22,need,5,84,PA
184,25,need,4,91,PA
184,13,need,5,95,PA
184,7,want,4,19,PA
184,19,want,6,25,PA
184,11,want,6,32,PA
184,31,want,6,48,PA
184,27,want,4,59,PA
184,15,want,4,71,PA
184,23,want,4,76,PA
184,3,want,3,98,PA
190,14,like,4,26,PA
190,2,like,7,39,PA
190,6,like,3,62,PA
190,10,like,3,65,PA
190,18,like,7,70,PA
190,26,like,3,72,PA
190,22,like,7,92,PA
190,30,like,6,100,PA
190,3,need,7,8,PA
190,31,need,7,11,PA
190,12,need,5,13,PA
190,27,need,7,22,PA
190,32,need,7,29,PA
190,28,need,7,37,PA
190,4,need,7,41,PA
190,20,need,7,43,PA
190,16,need,7,46,PA
190,19,need,7,54,PA
190,24,need,7,57,PA
190,8,need,7,60,PA
190,23,need,5,68,PA
190,15,need,7,78,PA
190,7,need,5,82,PA
190,11,need,6,88,PA
190,21,want,7,6,PA
190,17,want,2,18,PA
190,13,want,3,20,PA
190,1,want,7,34,PA
190,5,want,7,51,PA
190,25,want,5,84,PA
190,29,want,7,90,PA
190,9,want,7,94,PA
191,21,like,3,7,PA
191,1,like,7,19,PA
191,5,like,1,24,PA
191,13,like,2,29,PA
191,9,like,6,40,PA
191,29,like,7,72,PA
191,17,like,6,93,PA
191,25,like,5,100,PA
191,22,need,7,9,PA
191,6,need,7,14,PA
191,3,need,7,17,PA
191,19,need,6,27,PA
191,15,need,7,31,PA
191,27,need,7,43,PA
191,7,need,7,48,PA
191,2,need,7,52,PA
191,23,need,7,54,PA
191,11,need,7,61,PA
191,26,need,7,66,PA
191,14,need,7,69,PA
191,31,need,7,74,PA
191,30,need,7,76,PA
191,18,need,7,83,PA
191,10,need,7,96,PA
191,16,want,7,37,PA
191,8,want,7,50,PA
191,4,want,7,59,PA
191,24,want,7,63,PA
191,28,want,7,79,PA
191,20,want,7,81,PA
191,12,want,7,86,PA
191,32,want,7,89,PA
193,3,like,3,9,PA
193,11,like,5,31,PA
193,15,like,7,72,PA
193,19,like,5,75,PA
193,31,like,3,85,PA
193,23,like,5,88,PA
193,27,like,5,91,PA
193,7,like,2,100,PA
193,24,need,3,6,PA
193,13,need,6,11,PA
193,20,need,7,13,PA
193,16,need,6,17,PA
193,9,need,6,20,PA
193,25,need,7,28,PA
193,32,need,7,34,PA
193,5,need,6,40,PA
193,12,need,7,44,PA
193,28,need,7,51,PA
193,4,need,6,54,PA
193,8,need,7,57,PA
193,17,need,5,60,PA
193,29,need,7,66,PA
193,1,need,5,68,PA
193,21,need,7,78,PA
193,10,want,4,23,PA
193,14,want,3,25,PA
193,26,want,6,37,PA
193,2,want,7,46,PA
193,30,want,7,70,PA
193,18,want,7,82,PA
193,6,want,7,94,PA
193,22,want,7,98,PA
198,14,like,2,13,PA
198,10,like,7,33,PA
198,26,like,1,36,PA
198,6,like,4,43,PA
198,22,like,7,83,PA
198,30,like,4,85,PA
198,2,like,4,87,PA
198,18,like,3,98,PA
198,4,need,6,10,PA
198,19,need,5,15,PA
198,15,need,7,18,PA
198,11,need,7,22,PA
198,16,need,6,28,PA
198,24,need,5,40,PA
198,3,need,7,49,PA
198,31,need,5,52,PA
198,20,need,7,55,PA
198,12,need,6,57,PA
198,7,need,3,61,PA
198,28,need,7,63,PA
198,8,need,7,69,PA
198,27,need,7,76,PA
198,23,need,7,79,PA
198,32,need,7,100,PA
198,13,want,4,6,PA
198,17,want,4,24,PA
198,25,want,5,31,PA
198,1,want,4,38,PA
198,21,want,6,66,PA
198,5,want,6,72,PA
198,29,want,5,89,PA
198,9,want,6,93,PA
206,1,like,3,7,PA
206,21,like,7,30,PA
206,5,like,1,52,PA
206,17,like,4,57,PA
206,29,like,7,79,PA
206,13,like,3,89,PA
206,25,like,4,94,PA
206,9,like,7,100,PA
206,14,need,3,12,PA
206,11,need,7,19,PA
206,7,need,7,23,PA
206,22,need,7,28,PA
206,6,need,7,32,PA
206,3,need,7,38,PA
206,26,need,7,41,PA
206,2,need,7,44,PA
206,15,need,7,49,PA
206,27,need,7,55,PA
206,23,need,4,62,PA
206,31,need,7,75,PA
206,19,need,7,77,PA
206,10,need,7,82,PA
206,30,need,7,92,PA
206,18,need,7,96,PA
206,32,want,6,14,PA
206,16,want,7,26,PA
206,8,want,7,59,PA
206,4,want,7,65,PA
206,28,want,7,67,PA
206,24,want,7,71,PA
206,12,want,4,84,PA
206,20,want,7,98,PA
210,5,like,4,10,PA
210,29,like,4,14,PA
210,1,like,4,18,PA
210,9,like,2,62,PA
210,25,like,5,65,PA
210,17,like,4,81,PA
210,21,like,7,85,PA
210,13,like,3,90,PA
210,7,need,3,8,PA
210,10,need,7,23,PA
210,19,need,5,26,PA
210,2,need,6,38,PA
210,18,need,5,43,PA
210,30,need,7,45,PA
210,15,need,7,49,PA
210,11,need,7,51,PA
210,22,need,7,57,PA
210,3,need,7,59,PA
210,6,need,3,72,PA
210,14,need,5,74,PA
210,23,need,2,78,PA
210,31,need,7,88,PA
210,27,need,7,92,PA
210,26,need,7,100,PA
210,24,want,2,16,PA
210,28,want,7,30,PA
210,32,want,7,33,PA
210,16,want,7,41,PA
210,8,want,7,47,PA
210,12,want,7,54,PA
210,20,want,7,69,PA
210,4,want,7,95,PA
213,8,like,6,20,PA
213,28,like,4,30,PA
213,24,like,2,49,PA
213,32,like,4,56,PA
213,4,like,4,67,PA
213,16,like,5,87,PA
213,20,like,4,93,PA
213,12,like,5,97,PA
213,21,need,6,7,PA
213,13,need,6,14,PA
213,17,need,5,17,PA
213,14,need,5,25,PA
213,30,need,6,32,PA
213,1,need,5,35,PA
213,18,need,6,38,PA
213,6,need,5,40,PA
213,22,need,5,53,PA
213,25,need,6,69,PA
213,10,need,2,72,PA
213,9,need,5,76,PA
213,26,need,5,84,PA
213,2,need,4,89,PA
213,29,need,6,91,PA
213,5,need,4,100,PA
213,23,want,5,11,PA
213,7,want,3,23,PA
213,11,want,6,28,PA
213,27,want,6,43,PA
213,15,want,6,46,PA
213,3,want,5,51,PA
213,31,want,5,61,PA
213,19,want,4,80,PA
219,5,like,6,14,PA
219,9,like,4,19,PA
219,1,like,5,32,PA
219,29,like,5,39,PA
219,25,like,7,43,PA
219,21,like,5,50,PA
219,17,like,4,72,PA
219,13,like,1,83,PA
219,19,need,6,8,PA
219,6,need,2,16,PA
219,18,need,6,26,PA
219,22,need,7,29,PA
219,26,need,5,34,PA
219,30,need,7,37,PA
219,31,need,7,45,PA
219,3,need,6,48,PA
219,10,need,4,56,PA
219,23,need,6,74,PA
219,27,need,6,77,PA
219,11,need,6,80,PA
219,15,need,7,89,PA
219,2,need,6,92,PA
219,7,need,3,98,PA
219,14,need,4,100,PA
219,8,want,7,10,PA
219,24,want,5,21,PA
219,28,want,5,61,PA
219,32,want,6,64,PA
219,12,want,7,67,PA
219,16,want,6,69,PA
219,4,want,4,86,PA
219,20,want,5,96,PA
222,29,like,2,9,PA
222,5,like,2,13,PA
222,21,like,4,21,PA
222,25,like,2,23,PA
222,1,like,2,25,PA
222,17,like,2,47,PA
222,13,like,2,78,PA
222,9,like,3,100,PA
222,31,need,5,6,PA
222,14,need,3,11,PA
222,23,need,4,15,PA
222,18,need,5,18,PA
222,27,need,4,36,PA
222,6,need,2,49,PA
222,19,need,6,51,PA
222,2,need,4,54,PA
222,15,need,6,59,PA
222,3,need,6,62,PA
222,10,need,4,64,PA
222,26,need,5,67,PA
222,11,need,4,69,PA
222,30,need,5,82,PA
222,22,need,6,87,PA
222,7,need,5,97,PA
222,20,want,4,28,PA
222,12,want,5,32,PA
222,32,want,4,40,PA
222,8,want,5,42,PA
222,16,want,3,44,PA
222,4,want,2,72,PA
222,24,want,3,84,PA
222,28,want,3,94,PA
225,32,like,2,9,PA
225,4,like,1,12,PA
225,28,like,2,16,PA
225,8,like,3,21,PA
225,12,like,1,23,PA
225,20,like,3,75,PA
225,24,like,2,84,PA
225,16,like,1,88,PA
225,6,need,1,18,PA
225,9,need,4,25,PA
225,5,need,1,27,PA
225,30,need,4,29,PA
225,2,need,5,32,PA
225,14,need,2,34,PA
225,26,need,5,44,PA
225,10,need,1,46,PA
225,17,need,3,50,PA
225,1,need,3,60,PA
225,25,need,4,62,PA
225,22,need,5,67,PA
225,29,need,6,71,PA
225,18,need,4,73,PA
225,21,need,6,91,PA
225,13,need,6,93,PA
225,31,want,2,38,PA
225,27,want,3,41,PA
225,15,want,4,53,PA
225,3,want,3,58,PA
225,7,want,3,64,PA
225,23,want,3,80,PA
225,19,want,2,97,PA
225,11,want,6,100,PA
